match_id,match_date,team,opponent,venue,player,runs,balls,wickets,balls_bowled,runs_conceded,is_winner
sample_20200920_0000,2020-09-20,Royal Challengers Bengaluru,Delhi Capitals,M Chinnaswamy Stadium,Virat Kohli,40.3,36.85,1.61,29.27,37.9,1
sample_20200920_0000,2020-09-20,Royal Challengers Bengaluru,Delhi Capitals,M Chinnaswamy Stadium,Faf du Plessis,36.95,23.28,2.81,31.34,36.85,1
sample_20200920_0000,2020-09-20,Royal Challengers Bengaluru,Delhi Capitals,M Chinnaswamy Stadium,Glenn Maxwell,81.8,82.46,0.57,27.19,42.05,1
sample_20200920_0000,2020-09-20,Royal Challengers Bengaluru,Delhi Capitals,M Chinnaswamy Stadium,Rajat Patidar,3.77,3.04,2.27,36.85,34.34,1
sample_20200920_0000,2020-09-20,Royal Challengers Bengaluru,Delhi Capitals,M Chinnaswamy Stadium,Cameron Green,25.92,21.2,0.02,27.7,49.69,1
sample_20200920_0000,2020-09-20,Royal Challengers Bengaluru,Delhi Capitals,M Chinnaswamy Stadium,Dinesh Karthik,1.43,1.18,0.0,0.0,0.0,1
sample_20200920_0000,2020-09-20,Delhi Capitals,Royal Challengers Bengaluru,M Chinnaswamy Stadium,Rishabh Pant,14.41,12.66,0.12,28.07,36.68,0
sample_20200920_0000,2020-09-20,Delhi Capitals,Royal Challengers Bengaluru,M Chinnaswamy Stadium,David Warner,30.97,32.98,1.05,15.26,32.8,0
sample_20200920_0000,2020-09-20,Delhi Capitals,Royal Challengers Bengaluru,M Chinnaswamy Stadium,Prithvi Shaw,8.19,6.24,0.83,22.35,50.95,0
sample_20200920_0000,2020-09-20,Delhi Capitals,Royal Challengers Bengaluru,M Chinnaswamy Stadium,Jake Fraser-McGurk,41.78,41.27,1.14,13.9,32.65,0
sample_20200920_0000,2020-09-20,Delhi Capitals,Royal Challengers Bengaluru,M Chinnaswamy Stadium,Tristan Stubbs,47.83,27.65,0.39,28.27,43.93,0
sample_20200920_0000,2020-09-20,Delhi Capitals,Royal Challengers Bengaluru,M Chinnaswamy Stadium,Axar Patel,35.38,36.44,0.0,0.0,0.0,0
sample_20200921_0001,2020-09-21,Rajasthan Royals,Sunrisers Hyderabad,Narendra Modi Stadium,Sanju Samson,0.0,1.0,2.27,26.92,33.31,1
sample_20200921_0001,2020-09-21,Rajasthan Royals,Sunrisers Hyderabad,Narendra Modi Stadium,Yashasvi Jaiswal,24.34,22.03,0.72,26.68,44.65,1
sample_20200921_0001,2020-09-21,Rajasthan Royals,Sunrisers Hyderabad,Narendra Modi Stadium,Jos Buttler,66.68,57.46,0.14,23.52,21.13,1
sample_20200921_0001,2020-09-21,Rajasthan Royals,Sunrisers Hyderabad,Narendra Modi Stadium,Riyan Parag,15.78,16.24,0.0,18.02,42.0,1
sample_20200921_0001,2020-09-21,Rajasthan Royals,Sunrisers Hyderabad,Narendra Modi Stadium,Shimron Hetmyer,52.35,47.19,0.12,31.8,34.44,1
sample_20200921_0001,2020-09-21,Rajasthan Royals,Sunrisers Hyderabad,Narendra Modi Stadium,Ravichandran Ashwin,22.73,22.94,0.0,0.0,0.0,1
sample_20200921_0001,2020-09-21,Sunrisers Hyderabad,Rajasthan Royals,Narendra Modi Stadium,Pat Cummins,41.21,35.83,0.48,24.13,49.62,0
sample_20200921_0001,2020-09-21,Sunrisers Hyderabad,Rajasthan Royals,Narendra Modi Stadium,Travis Head,14.47,9.83,0.97,25.08,35.8,0
sample_20200921_0001,2020-09-21,Sunrisers Hyderabad,Rajasthan Royals,Narendra Modi Stadium,Abhishek Sharma,14.33,11.66,0.8,26.14,48.23,0
sample_20200921_0001,2020-09-21,Sunrisers Hyderabad,Rajasthan Royals,Narendra Modi Stadium,Aiden Markram,82.28,66.72,0.71,18.44,29.7,0
sample_20200921_0001,2020-09-21,Sunrisers Hyderabad,Rajasthan Royals,Narendra Modi Stadium,Heinrich Klaasen,0.19,1.0,3.05,22.67,18.89,0
sample_20200921_0001,2020-09-21,Sunrisers Hyderabad,Rajasthan Royals,Narendra Modi Stadium,Nitish Kumar Reddy,3.56,3.12,0.0,0.0,0.0,0
sample_20200922_0002,2020-09-22,Chennai Super Kings,Royal Challengers Bengaluru,Narendra Modi Stadium,Ruturaj Gaikwad,17.17,13.04,0.0,23.68,54.88,0
sample_20200922_0002,2020-09-22,Chennai Super Kings,Royal Challengers Bengaluru,Narendra Modi Stadium,Devon Conway,40.67,35.59,1.66,21.0,25.35,0
sample_20200922_0002,2020-09-22,Chennai Super Kings,Royal Challengers Bengaluru,Narendra Modi Stadium,Ajinkya Rahane,23.35,13.48,1.95,36.77,28.99,0
sample_20200922_0002,2020-09-22,Chennai Super Kings,Royal Challengers Bengaluru,Narendra Modi Stadium,Shivam Dube,42.19,27.77,0.23,29.59,41.05,0
sample_20200922_0002,2020-09-22,Chennai Super Kings,Royal Challengers Bengaluru,Narendra Modi Stadium,Ravindra Jadeja,23.71,21.6,2.93,20.07,41.66,0
sample_20200922_0002,2020-09-22,Chennai Super Kings,Royal Challengers Bengaluru,Narendra Modi Stadium,MS Dhoni,29.77,24.98,0.0,0.0,0.0,0
sample_20200922_0002,2020-09-22,Royal Challengers Bengaluru,Chennai Super Kings,Narendra Modi Stadium,Virat Kohli,38.82,24.39,2.75,15.79,61.91,1
sample_20200922_0002,2020-09-22,Royal Challengers Bengaluru,Chennai Super Kings,Narendra Modi Stadium,Faf du Plessis,54.15,56.98,3.85,21.7,60.01,1
sample_20200922_0002,2020-09-22,Royal Challengers Bengaluru,Chennai Super Kings,Narendra Modi Stadium,Glenn Maxwell,27.27,16.63,0.65,27.86,41.45,1
sample_20200922_0002,2020-09-22,Royal Challengers Bengaluru,Chennai Super Kings,Narendra Modi Stadium,Rajat Patidar,39.56,24.35,0.08,26.03,59.47,1
sample_20200922_0002,2020-09-22,Royal Challengers Bengaluru,Chennai Super Kings,Narendra Modi Stadium,Cameron Green,34.33,27.22,2.13,11.7,44.91,1
sample_20200922_0002,2020-09-22,Royal Challengers Bengaluru,Chennai Super Kings,Narendra Modi Stadium,Dinesh Karthik,33.03,34.42,0.0,0.0,0.0,1
sample_20200923_0003,2020-09-23,Gujarat Titans,Sunrisers Hyderabad,MA Chidambaram Stadium,Shubman Gill,14.36,8.47,1.1,17.49,27.1,0
sample_20200923_0003,2020-09-23,Gujarat Titans,Sunrisers Hyderabad,MA Chidambaram Stadium,Wriddhiman Saha,13.36,9.03,1.69,35.26,17.67,0
sample_20200923_0003,2020-09-23,Gujarat Titans,Sunrisers Hyderabad,MA Chidambaram Stadium,Sai Sudharsan,8.3,8.07,0.41,20.46,29.36,0
sample_20200923_0003,2020-09-23,Gujarat Titans,Sunrisers Hyderabad,MA Chidambaram Stadium,David Miller,43.86,42.76,0.92,20.08,4.73,0
sample_20200923_0003,2020-09-23,Gujarat Titans,Sunrisers Hyderabad,MA Chidambaram Stadium,Rahul Tewatia,23.64,15.05,0.0,20.82,17.43,0
sample_20200923_0003,2020-09-23,Gujarat Titans,Sunrisers Hyderabad,MA Chidambaram Stadium,Rashid Khan,32.01,23.11,0.0,0.0,0.0,0
sample_20200923_0003,2020-09-23,Sunrisers Hyderabad,Gujarat Titans,MA Chidambaram Stadium,Pat Cummins,32.4,20.61,1.05,28.66,32.75,1
sample_20200923_0003,2020-09-23,Sunrisers Hyderabad,Gujarat Titans,MA Chidambaram Stadium,Travis Head,43.82,34.09,0.26,15.75,26.02,1
sample_20200923_0003,2020-09-23,Sunrisers Hyderabad,Gujarat Titans,MA Chidambaram Stadium,Abhishek Sharma,4.06,2.85,1.9,20.67,33.12,1
sample_20200923_0003,2020-09-23,Sunrisers Hyderabad,Gujarat Titans,MA Chidambaram Stadium,Aiden Markram,21.47,17.51,0.41,26.11,28.93,1
sample_20200923_0003,2020-09-23,Sunrisers Hyderabad,Gujarat Titans,MA Chidambaram Stadium,Heinrich Klaasen,8.72,4.85,2.17,25.9,27.43,1
sample_20200923_0003,2020-09-23,Sunrisers Hyderabad,Gujarat Titans,MA Chidambaram Stadium,Nitish Kumar Reddy,37.44,36.54,0.0,0.0,0.0,1
sample_20200924_0004,2020-09-24,Punjab Kings,Chennai Super Kings,Wankhede Stadium,Shikhar Dhawan,0.37,1.0,3.83,32.83,10.33,1
sample_20200924_0004,2020-09-24,Punjab Kings,Chennai Super Kings,Wankhede Stadium,Jonny Bairstow,72.34,44.85,1.69,25.78,32.28,1
sample_20200924_0004,2020-09-24,Punjab Kings,Chennai Super Kings,Wankhede Stadium,Liam Livingstone,0.0,1.0,2.15,34.36,20.66,1
sample_20200924_0004,2020-09-24,Punjab Kings,Chennai Super Kings,Wankhede Stadium,Sam Curran,10.16,10.62,1.2,23.63,25.47,1
sample_20200924_0004,2020-09-24,Punjab Kings,Chennai Super Kings,Wankhede Stadium,Jitesh Sharma,28.49,22.92,0.62,27.5,53.32,1
sample_20200924_0004,2020-09-24,Punjab Kings,Chennai Super Kings,Wankhede Stadium,Shashank Singh,66.54,37.04,0.0,0.0,0.0,1
sample_20200924_0004,2020-09-24,Chennai Super Kings,Punjab Kings,Wankhede Stadium,Ruturaj Gaikwad,12.49,9.08,0.73,28.51,50.41,0
sample_20200924_0004,2020-09-24,Chennai Super Kings,Punjab Kings,Wankhede Stadium,Devon Conway,61.38,34.6,0.59,23.6,20.48,0
sample_20200924_0004,2020-09-24,Chennai Super Kings,Punjab Kings,Wankhede Stadium,Ajinkya Rahane,41.57,24.82,1.29,27.83,25.21,0
sample_20200924_0004,2020-09-24,Chennai Super Kings,Punjab Kings,Wankhede Stadium,Shivam Dube,15.35,16.87,0.2,16.7,25.49,0
sample_20200924_0004,2020-09-24,Chennai Super Kings,Punjab Kings,Wankhede Stadium,Ravindra Jadeja,25.52,16.48,2.88,27.65,9.29,0
sample_20200924_0004,2020-09-24,Chennai Super Kings,Punjab Kings,Wankhede Stadium,MS Dhoni,4.23,2.79,0.0,0.0,0.0,0
sample_20200925_0005,2020-09-25,Lucknow Super Giants,Rajasthan Royals,Arun Jaitley Stadium,KL Rahul,0.31,1.0,3.11,23.08,32.83,0
sample_20200925_0005,2020-09-25,Lucknow Super Giants,Rajasthan Royals,Arun Jaitley Stadium,Quinton de Kock,21.81,20.92,0.0,23.25,43.81,0
sample_20200925_0005,2020-09-25,Lucknow Super Giants,Rajasthan Royals,Arun Jaitley Stadium,Nicholas Pooran,6.65,7.37,1.07,25.21,37.44,0
sample_20200925_0005,2020-09-25,Lucknow Super Giants,Rajasthan Royals,Arun Jaitley Stadium,Marcus Stoinis,64.62,41.69,4.02,29.14,37.42,0
sample_20200925_0005,2020-09-25,Lucknow Super Giants,Rajasthan Royals,Arun Jaitley Stadium,Deepak Hooda,9.71,6.28,1.41,22.77,8.96,0
sample_20200925_0005,2020-09-25,Lucknow Super Giants,Rajasthan Royals,Arun Jaitley Stadium,Krunal Pandya,48.14,27.13,0.0,0.0,0.0,0
sample_20200925_0005,2020-09-25,Rajasthan Royals,Lucknow Super Giants,Arun Jaitley Stadium,Sanju Samson,39.3,24.78,0.93,21.17,40.19,1
sample_20200925_0005,2020-09-25,Rajasthan Royals,Lucknow Super Giants,Arun Jaitley Stadium,Yashasvi Jaiswal,3.04,2.24,0.24,28.56,37.89,1
sample_20200925_0005,2020-09-25,Rajasthan Royals,Lucknow Super Giants,Arun Jaitley Stadium,Jos Buttler,12.27,12.32,0.73,22.92,37.57,1
sample_20200925_0005,2020-09-25,Rajasthan Royals,Lucknow Super Giants,Arun Jaitley Stadium,Riyan Parag,28.21,19.29,2.1,27.13,32.94,1
sample_20200925_0005,2020-09-25,Rajasthan Royals,Lucknow Super Giants,Arun Jaitley Stadium,Shimron Hetmyer,41.57,25.08,0.98,12.04,22.64,1
sample_20200925_0005,2020-09-25,Rajasthan Royals,Lucknow Super Giants,Arun Jaitley Stadium,Ravichandran Ashwin,46.18,34.03,0.0,0.0,0.0,1
sample_20200926_0006,2020-09-26,Kolkata Knight Riders,Royal Challengers Bengaluru,M Chinnaswamy Stadium,Shreyas Iyer,59.91,41.63,2.15,28.82,49.41,1
sample_20200926_0006,2020-09-26,Kolkata Knight Riders,Royal Challengers Bengaluru,M Chinnaswamy Stadium,Sunil Narine,40.87,30.5,2.3,17.76,36.95,1
sample_20200926_0006,2020-09-26,Kolkata Knight Riders,Royal Challengers Bengaluru,M Chinnaswamy Stadium,Andre Russell,1.87,1.87,0.63,29.57,26.15,1
sample_20200926_0006,2020-09-26,Kolkata Knight Riders,Royal Challengers Bengaluru,M Chinnaswamy Stadium,Rinku Singh,21.1,17.2,0.0,20.07,36.48,1
sample_20200926_0006,2020-09-26,Kolkata Knight Riders,Royal Challengers Bengaluru,M Chinnaswamy Stadium,Venkatesh Iyer,11.55,6.46,1.22,26.17,45.41,1
sample_20200926_0006,2020-09-26,Kolkata Knight Riders,Royal Challengers Bengaluru,M Chinnaswamy Stadium,Phil Salt,11.84,7.28,0.0,0.0,0.0,1
sample_20200926_0006,2020-09-26,Royal Challengers Bengaluru,Kolkata Knight Riders,M Chinnaswamy Stadium,Virat Kohli,69.03,61.88,4.11,26.0,30.54,0
sample_20200926_0006,2020-09-26,Royal Challengers Bengaluru,Kolkata Knight Riders,M Chinnaswamy Stadium,Faf du Plessis,7.16,6.41,2.27,14.46,10.07,0
sample_20200926_0006,2020-09-26,Royal Challengers Bengaluru,Kolkata Knight Riders,M Chinnaswamy Stadium,Glenn Maxwell,5.54,3.93,0.45,22.24,50.17,0
sample_20200926_0006,2020-09-26,Royal Challengers Bengaluru,Kolkata Knight Riders,M Chinnaswamy Stadium,Rajat Patidar,26.24,27.03,0.0,26.09,26.73,0
sample_20200926_0006,2020-09-26,Royal Challengers Bengaluru,Kolkata Knight Riders,M Chinnaswamy Stadium,Cameron Green,0.27,1.0,0.34,27.72,27.41,0
sample_20200926_0006,2020-09-26,Royal Challengers Bengaluru,Kolkata Knight Riders,M Chinnaswamy Stadium,Dinesh Karthik,54.4,33.28,0.0,0.0,0.0,0
sample_20200927_0007,2020-09-27,Lucknow Super Giants,Royal Challengers Bengaluru,MA Chidambaram Stadium,KL Rahul,5.42,4.76,3.19,26.72,26.51,1
sample_20200927_0007,2020-09-27,Lucknow Super Giants,Royal Challengers Bengaluru,MA Chidambaram Stadium,Quinton de Kock,25.42,15.08,1.23,21.99,9.69,1
sample_20200927_0007,2020-09-27,Lucknow Super Giants,Royal Challengers Bengaluru,MA Chidambaram Stadium,Nicholas Pooran,3.04,2.37,0.96,29.37,22.41,1
sample_20200927_0007,2020-09-27,Lucknow Super Giants,Royal Challengers Bengaluru,MA Chidambaram Stadium,Marcus Stoinis,8.99,8.25,0.0,20.74,53.8,1
sample_20200927_0007,2020-09-27,Lucknow Super Giants,Royal Challengers Bengaluru,MA Chidambaram Stadium,Deepak Hooda,88.73,64.05,4.17,26.79,13.99,1
sample_20200927_0007,2020-09-27,Lucknow Super Giants,Royal Challengers Bengaluru,MA Chidambaram Stadium,Krunal Pandya,10.17,6.53,0.0,0.0,0.0,1
sample_20200927_0007,2020-09-27,Royal Challengers Bengaluru,Lucknow Super Giants,MA Chidambaram Stadium,Virat Kohli,88.74,82.09,1.0,25.55,45.05,0
sample_20200927_0007,2020-09-27,Royal Challengers Bengaluru,Lucknow Super Giants,MA Chidambaram Stadium,Faf du Plessis,0.0,1.0,1.94,21.31,33.92,0
sample_20200927_0007,2020-09-27,Royal Challengers Bengaluru,Lucknow Super Giants,MA Chidambaram Stadium,Glenn Maxwell,11.27,6.28,1.5,20.77,40.88,0
sample_20200927_0007,2020-09-27,Royal Challengers Bengaluru,Lucknow Super Giants,MA Chidambaram Stadium,Rajat Patidar,1.02,1.0,1.85,13.88,21.14,0
sample_20200927_0007,2020-09-27,Royal Challengers Bengaluru,Lucknow Super Giants,MA Chidambaram Stadium,Cameron Green,16.43,12.69,2.37,22.48,27.81,0
sample_20200927_0007,2020-09-27,Royal Challengers Bengaluru,Lucknow Super Giants,MA Chidambaram Stadium,Dinesh Karthik,20.64,15.11,0.0,0.0,0.0,0
sample_20200928_0008,2020-09-28,Chennai Super Kings,Kolkata Knight Riders,MA Chidambaram Stadium,Ruturaj Gaikwad,17.56,19.11,1.12,28.44,31.8,1
sample_20200928_0008,2020-09-28,Chennai Super Kings,Kolkata Knight Riders,MA Chidambaram Stadium,Devon Conway,11.85,8.47,0.4,25.13,18.92,1
sample_20200928_0008,2020-09-28,Chennai Super Kings,Kolkata Knight Riders,MA Chidambaram Stadium,Ajinkya Rahane,38.52,26.94,1.46,18.6,35.3,1
sample_20200928_0008,2020-09-28,Chennai Super Kings,Kolkata Knight Riders,MA Chidambaram Stadium,Shivam Dube,43.21,47.67,4.67,31.49,30.87,1
sample_20200928_0008,2020-09-28,Chennai Super Kings,Kolkata Knight Riders,MA Chidambaram Stadium,Ravindra Jadeja,19.15,12.46,0.0,17.06,30.46,1
sample_20200928_0008,2020-09-28,Chennai Super Kings,Kolkata Knight Riders,MA Chidambaram Stadium,MS Dhoni,22.11,23.2,0.0,0.0,0.0,1
sample_20200928_0008,2020-09-28,Kolkata Knight Riders,Chennai Super Kings,MA Chidambaram Stadium,Shreyas Iyer,0.0,1.0,3.25,21.46,27.59,0
sample_20200928_0008,2020-09-28,Kolkata Knight Riders,Chennai Super Kings,MA Chidambaram Stadium,Sunil Narine,33.49,36.08,0.76,13.35,37.95,0
sample_20200928_0008,2020-09-28,Kolkata Knight Riders,Chennai Super Kings,MA Chidambaram Stadium,Andre Russell,21.07,17.6,1.65,20.23,26.43,0
sample_20200928_0008,2020-09-28,Kolkata Knight Riders,Chennai Super Kings,MA Chidambaram Stadium,Rinku Singh,30.89,22.67,1.0,26.69,15.94,0
sample_20200928_0008,2020-09-28,Kolkata Knight Riders,Chennai Super Kings,MA Chidambaram Stadium,Venkatesh Iyer,63.63,55.3,0.33,25.41,18.56,0
sample_20200928_0008,2020-09-28,Kolkata Knight Riders,Chennai Super Kings,MA Chidambaram Stadium,Phil Salt,18.22,13.63,0.0,0.0,0.0,0
sample_20200929_0009,2020-09-29,Lucknow Super Giants,Royal Challengers Bengaluru,Arun Jaitley Stadium,KL Rahul,15.48,9.64,3.36,21.57,8.03,1
sample_20200929_0009,2020-09-29,Lucknow Super Giants,Royal Challengers Bengaluru,Arun Jaitley Stadium,Quinton de Kock,42.61,26.19,1.36,22.86,16.27,1
sample_20200929_0009,2020-09-29,Lucknow Super Giants,Royal Challengers Bengaluru,Arun Jaitley Stadium,Nicholas Pooran,2.81,2.62,2.55,15.03,34.39,1
sample_20200929_0009,2020-09-29,Lucknow Super Giants,Royal Challengers Bengaluru,Arun Jaitley Stadium,Marcus Stoinis,49.2,49.83,0.22,21.98,25.98,1
sample_20200929_0009,2020-09-29,Lucknow Super Giants,Royal Challengers Bengaluru,Arun Jaitley Stadium,Deepak Hooda,41.28,32.05,0.88,24.99,23.5,1
sample_20200929_0009,2020-09-29,Lucknow Super Giants,Royal Challengers Bengaluru,Arun Jaitley Stadium,Krunal Pandya,11.2,8.74,0.0,0.0,0.0,1
sample_20200929_0009,2020-09-29,Royal Challengers Bengaluru,Lucknow Super Giants,Arun Jaitley Stadium,Virat Kohli,23.69,17.95,2.11,23.51,10.14,0
sample_20200929_0009,2020-09-29,Royal Challengers Bengaluru,Lucknow Super Giants,Arun Jaitley Stadium,Faf du Plessis,26.98,17.34,0.54,20.86,1.55,0
sample_20200929_0009,2020-09-29,Royal Challengers Bengaluru,Lucknow Super Giants,Arun Jaitley Stadium,Glenn Maxwell,31.25,20.75,0.36,19.72,14.03,0
sample_20200929_0009,2020-09-29,Royal Challengers Bengaluru,Lucknow Super Giants,Arun Jaitley Stadium,Rajat Patidar,19.27,10.79,1.69,38.3,31.4,0
sample_20200929_0009,2020-09-29,Royal Challengers Bengaluru,Lucknow Super Giants,Arun Jaitley Stadium,Cameron Green,6.25,6.33,0.48,28.9,33.45,0
sample_20200929_0009,2020-09-29,Royal Challengers Bengaluru,Lucknow Super Giants,Arun Jaitley Stadium,Dinesh Karthik,31.52,24.97,0.0,0.0,0.0,0
sample_20200930_0010,2020-09-30,Sunrisers Hyderabad,Chennai Super Kings,MA Chidambaram Stadium,Pat Cummins,21.81,15.77,0.32,17.82,30.63,0
sample_20200930_0010,2020-09-30,Sunrisers Hyderabad,Chennai Super Kings,MA Chidambaram Stadium,Travis Head,41.31,40.26,5.34,18.54,36.79,0
sample_20200930_0010,2020-09-30,Sunrisers Hyderabad,Chennai Super Kings,MA Chidambaram Stadium,Abhishek Sharma,6.05,5.68,0.4,23.92,38.22,0
sample_20200930_0010,2020-09-30,Sunrisers Hyderabad,Chennai Super Kings,MA Chidambaram Stadium,Aiden Markram,12.49,9.49,1.28,22.74,19.04,0
sample_20200930_0010,2020-09-30,Sunrisers Hyderabad,Chennai Super Kings,MA Chidambaram Stadium,Heinrich Klaasen,0.0,1.0,1.7,21.89,20.98,0
sample_20200930_0010,2020-09-30,Sunrisers Hyderabad,Chennai Super Kings,MA Chidambaram Stadium,Nitish Kumar Reddy,77.37,79.94,0.0,0.0,0.0,0
sample_20200930_0010,2020-09-30,Chennai Super Kings,Sunrisers Hyderabad,MA Chidambaram Stadium,Ruturaj Gaikwad,5.63,3.46,0.53,25.67,34.58,1
sample_20200930_0010,2020-09-30,Chennai Super Kings,Sunrisers Hyderabad,MA Chidambaram Stadium,Devon Conway,17.41,10.42,0.31,14.28,10.53,1
sample_20200930_0010,2020-09-30,Chennai Super Kings,Sunrisers Hyderabad,MA Chidambaram Stadium,Ajinkya Rahane,56.49,57.17,3.46,17.88,14.4,1
sample_20200930_0010,2020-09-30,Chennai Super Kings,Sunrisers Hyderabad,MA Chidambaram Stadium,Shivam Dube,13.59,9.14,1.3,34.79,38.16,1
sample_20200930_0010,2020-09-30,Chennai Super Kings,Sunrisers Hyderabad,MA Chidambaram Stadium,Ravindra Jadeja,15.01,10.83,0.0,24.07,30.01,1
sample_20200930_0010,2020-09-30,Chennai Super Kings,Sunrisers Hyderabad,MA Chidambaram Stadium,MS Dhoni,61.04,66.83,0.0,0.0,0.0,1
sample_20201001_0011,2020-10-01,Chennai Super Kings,Kolkata Knight Riders,MA Chidambaram Stadium,Ruturaj Gaikwad,99.09,74.33,0.54,32.16,41.55,1
sample_20201001_0011,2020-10-01,Chennai Super Kings,Kolkata Knight Riders,MA Chidambaram Stadium,Devon Conway,43.02,25.63,0.64,25.22,28.07,1
sample_20201001_0011,2020-10-01,Chennai Super Kings,Kolkata Knight Riders,MA Chidambaram Stadium,Ajinkya Rahane,27.06,15.8,0.06,16.18,38.49,1
sample_20201001_0011,2020-10-01,Chennai Super Kings,Kolkata Knight Riders,MA Chidambaram Stadium,Shivam Dube,18.28,17.44,1.05,29.37,39.11,1
sample_20201001_0011,2020-10-01,Chennai Super Kings,Kolkata Knight Riders,MA Chidambaram Stadium,Ravindra Jadeja,13.74,15.23,6.8,22.78,28.18,1
sample_20201001_0011,2020-10-01,Chennai Super Kings,Kolkata Knight Riders,MA Chidambaram Stadium,MS Dhoni,7.6,6.07,0.0,0.0,0.0,1
sample_20201001_0011,2020-10-01,Kolkata Knight Riders,Chennai Super Kings,MA Chidambaram Stadium,Shreyas Iyer,0.95,1.0,2.39,26.28,48.67,0
sample_20201001_0011,2020-10-01,Kolkata Knight Riders,Chennai Super Kings,MA Chidambaram Stadium,Sunil Narine,102.09,63.54,0.1,16.53,32.61,0
sample_20201001_0011,2020-10-01,Kolkata Knight Riders,Chennai Super Kings,MA Chidambaram Stadium,Andre Russell,8.02,6.94,0.37,20.53,38.33,0
sample_20201001_0011,2020-10-01,Kolkata Knight Riders,Chennai Super Kings,MA Chidambaram Stadium,Rinku Singh,11.9,7.79,0.0,25.87,31.78,0
sample_20201001_0011,2020-10-01,Kolkata Knight Riders,Chennai Super Kings,MA Chidambaram Stadium,Venkatesh Iyer,53.25,34.19,5.04,17.16,30.99,0
sample_20201001_0011,2020-10-01,Kolkata Knight Riders,Chennai Super Kings,MA Chidambaram Stadium,Phil Salt,8.44,5.26,0.0,0.0,0.0,0
sample_20201002_0012,2020-10-02,Punjab Kings,Royal Challengers Bengaluru,MA Chidambaram Stadium,Shikhar Dhawan,29.71,16.77,1.35,35.43,23.96,0
sample_20201002_0012,2020-10-02,Punjab Kings,Royal Challengers Bengaluru,MA Chidambaram Stadium,Jonny Bairstow,50.48,35.51,0.34,24.79,27.25,0
sample_20201002_0012,2020-10-02,Punjab Kings,Royal Challengers Bengaluru,MA Chidambaram Stadium,Liam Livingstone,26.38,19.0,0.73,19.76,33.29,0
sample_20201002_0012,2020-10-02,Punjab Kings,Royal Challengers Bengaluru,MA Chidambaram Stadium,Sam Curran,27.61,17.55,0.09,29.45,23.91,0
sample_20201002_0012,2020-10-02,Punjab Kings,Royal Challengers Bengaluru,MA Chidambaram Stadium,Jitesh Sharma,7.59,7.98,0.47,26.02,27.85,0
sample_20201002_0012,2020-10-02,Punjab Kings,Royal Challengers Bengaluru,MA Chidambaram Stadium,Shashank Singh,0.0,1.0,0.0,0.0,0.0,0
sample_20201002_0012,2020-10-02,Royal Challengers Bengaluru,Punjab Kings,MA Chidambaram Stadium,Virat Kohli,0.0,1.0,0.74,24.38,5.08,1
sample_20201002_0012,2020-10-02,Royal Challengers Bengaluru,Punjab Kings,MA Chidambaram Stadium,Faf du Plessis,0.0,1.0,0.8,22.67,22.97,1
sample_20201002_0012,2020-10-02,Royal Challengers Bengaluru,Punjab Kings,MA Chidambaram Stadium,Glenn Maxwell,57.34,55.05,3.09,29.69,12.89,1
sample_20201002_0012,2020-10-02,Royal Challengers Bengaluru,Punjab Kings,MA Chidambaram Stadium,Rajat Patidar,19.56,11.08,1.31,25.73,36.45,1
sample_20201002_0012,2020-10-02,Royal Challengers Bengaluru,Punjab Kings,MA Chidambaram Stadium,Cameron Green,28.94,29.77,0.0,13.78,15.67,1
sample_20201002_0012,2020-10-02,Royal Challengers Bengaluru,Punjab Kings,MA Chidambaram Stadium,Dinesh Karthik,0.0,1.0,0.0,0.0,0.0,1
sample_20201003_0013,2020-10-03,Gujarat Titans,Chennai Super Kings,Arun Jaitley Stadium,Shubman Gill,55.53,55.09,0.26,19.49,40.17,1
sample_20201003_0013,2020-10-03,Gujarat Titans,Chennai Super Kings,Arun Jaitley Stadium,Wriddhiman Saha,12.63,7.42,1.62,29.92,47.78,1
sample_20201003_0013,2020-10-03,Gujarat Titans,Chennai Super Kings,Arun Jaitley Stadium,Sai Sudharsan,22.86,20.38,0.72,32.18,17.39,1
sample_20201003_0013,2020-10-03,Gujarat Titans,Chennai Super Kings,Arun Jaitley Stadium,David Miller,13.6,9.48,2.58,24.72,30.49,1
sample_20201003_0013,2020-10-03,Gujarat Titans,Chennai Super Kings,Arun Jaitley Stadium,Rahul Tewatia,26.06,17.88,0.77,22.98,40.34,1
sample_20201003_0013,2020-10-03,Gujarat Titans,Chennai Super Kings,Arun Jaitley Stadium,Rashid Khan,55.7,43.61,0.0,0.0,0.0,1
sample_20201003_0013,2020-10-03,Chennai Super Kings,Gujarat Titans,Arun Jaitley Stadium,Ruturaj Gaikwad,21.06,14.78,0.89,25.74,30.04,0
sample_20201003_0013,2020-10-03,Chennai Super Kings,Gujarat Titans,Arun Jaitley Stadium,Devon Conway,2.88,2.1,0.0,26.3,0.0,0
sample_20201003_0013,2020-10-03,Chennai Super Kings,Gujarat Titans,Arun Jaitley Stadium,Ajinkya Rahane,88.35,50.74,0.56,26.87,21.98,0
sample_20201003_0013,2020-10-03,Chennai Super Kings,Gujarat Titans,Arun Jaitley Stadium,Shivam Dube,5.17,4.77,3.59,21.1,56.03,0
sample_20201003_0013,2020-10-03,Chennai Super Kings,Gujarat Titans,Arun Jaitley Stadium,Ravindra Jadeja,28.9,18.71,0.89,33.7,34.91,0
sample_20201003_0013,2020-10-03,Chennai Super Kings,Gujarat Titans,Arun Jaitley Stadium,MS Dhoni,11.18,10.03,0.0,0.0,0.0,0
sample_20201004_0014,2020-10-04,Delhi Capitals,Royal Challengers Bengaluru,Arun Jaitley Stadium,Rishabh Pant,21.61,18.25,0.56,14.82,39.69,1
sample_20201004_0014,2020-10-04,Delhi Capitals,Royal Challengers Bengaluru,Arun Jaitley Stadium,David Warner,8.2,5.2,2.71,27.79,23.36,1
sample_20201004_0014,2020-10-04,Delhi Capitals,Royal Challengers Bengaluru,Arun Jaitley Stadium,Prithvi Shaw,9.92,10.28,0.66,21.1,46.11,1
sample_20201004_0014,2020-10-04,Delhi Capitals,Royal Challengers Bengaluru,Arun Jaitley Stadium,Jake Fraser-McGurk,26.82,20.44,0.97,31.89,36.3,1
sample_20201004_0014,2020-10-04,Delhi Capitals,Royal Challengers Bengaluru,Arun Jaitley Stadium,Tristan Stubbs,18.92,10.52,1.02,24.73,38.71,1
sample_20201004_0014,2020-10-04,Delhi Capitals,Royal Challengers Bengaluru,Arun Jaitley Stadium,Axar Patel,118.19,65.79,0.0,0.0,0.0,1
sample_20201004_0014,2020-10-04,Royal Challengers Bengaluru,Delhi Capitals,Arun Jaitley Stadium,Virat Kohli,29.4,30.44,0.54,14.07,25.75,0
sample_20201004_0014,2020-10-04,Royal Challengers Bengaluru,Delhi Capitals,Arun Jaitley Stadium,Faf du Plessis,9.89,9.06,0.85,22.36,32.83,0
sample_20201004_0014,2020-10-04,Royal Challengers Bengaluru,Delhi Capitals,Arun Jaitley Stadium,Glenn Maxwell,21.94,19.27,2.08,25.9,40.3,0
sample_20201004_0014,2020-10-04,Royal Challengers Bengaluru,Delhi Capitals,Arun Jaitley Stadium,Rajat Patidar,10.31,5.92,0.0,21.81,14.4,0
sample_20201004_0014,2020-10-04,Royal Challengers Bengaluru,Delhi Capitals,Arun Jaitley Stadium,Cameron Green,67.28,39.75,0.44,30.27,48.08,0
sample_20201004_0014,2020-10-04,Royal Challengers Bengaluru,Delhi Capitals,Arun Jaitley Stadium,Dinesh Karthik,49.76,29.42,0.0,0.0,0.0,0
sample_20201005_0015,2020-10-05,Sunrisers Hyderabad,Rajasthan Royals,MA Chidambaram Stadium,Pat Cummins,37.76,26.03,1.18,16.55,31.96,1
sample_20201005_0015,2020-10-05,Sunrisers Hyderabad,Rajasthan Royals,MA Chidambaram Stadium,Travis Head,71.39,39.92,2.62,15.74,48.72,1
sample_20201005_0015,2020-10-05,Sunrisers Hyderabad,Rajasthan Royals,MA Chidambaram Stadium,Abhishek Sharma,20.88,14.02,0.59,24.71,38.45,1
sample_20201005_0015,2020-10-05,Sunrisers Hyderabad,Rajasthan Royals,MA Chidambaram Stadium,Aiden Markram,18.18,20.04,3.61,21.26,45.32,1
sample_20201005_0015,2020-10-05,Sunrisers Hyderabad,Rajasthan Royals,MA Chidambaram Stadium,Heinrich Klaasen,14.19,8.68,1.41,17.57,38.55,1
sample_20201005_0015,2020-10-05,Sunrisers Hyderabad,Rajasthan Royals,MA Chidambaram Stadium,Nitish Kumar Reddy,7.41,6.33,0.0,0.0,0.0,1
sample_20201005_0015,2020-10-05,Rajasthan Royals,Sunrisers Hyderabad,MA Chidambaram Stadium,Sanju Samson,27.44,18.33,0.77,24.66,29.32,0
sample_20201005_0015,2020-10-05,Rajasthan Royals,Sunrisers Hyderabad,MA Chidambaram Stadium,Yashasvi Jaiswal,47.53,27.24,0.18,27.92,30.63,0
sample_20201005_0015,2020-10-05,Rajasthan Royals,Sunrisers Hyderabad,MA Chidambaram Stadium,Jos Buttler,21.08,20.65,2.93,28.77,35.2,0
sample_20201005_0015,2020-10-05,Rajasthan Royals,Sunrisers Hyderabad,MA Chidambaram Stadium,Riyan Parag,27.78,27.67,0.48,33.48,38.35,0
sample_20201005_0015,2020-10-05,Rajasthan Royals,Sunrisers Hyderabad,MA Chidambaram Stadium,Shimron Hetmyer,25.78,25.88,0.94,30.78,39.54,0
sample_20201005_0015,2020-10-05,Rajasthan Royals,Sunrisers Hyderabad,MA Chidambaram Stadium,Ravichandran Ashwin,14.81,10.59,0.0,0.0,0.0,0
sample_20201006_0016,2020-10-06,Rajasthan Royals,Gujarat Titans,Narendra Modi Stadium,Sanju Samson,11.19,10.33,0.17,24.02,16.7,0
sample_20201006_0016,2020-10-06,Rajasthan Royals,Gujarat Titans,Narendra Modi Stadium,Yashasvi Jaiswal,12.2,8.29,6.26,22.38,41.91,0
sample_20201006_0016,2020-10-06,Rajasthan Royals,Gujarat Titans,Narendra Modi Stadium,Jos Buttler,18.49,16.26,0.15,11.42,15.26,0
sample_20201006_0016,2020-10-06,Rajasthan Royals,Gujarat Titans,Narendra Modi Stadium,Riyan Parag,38.93,29.06,0.04,32.29,22.55,0
sample_20201006_0016,2020-10-06,Rajasthan Royals,Gujarat Titans,Narendra Modi Stadium,Shimron Hetmyer,9.87,5.76,1.2,24.22,23.31,0
sample_20201006_0016,2020-10-06,Rajasthan Royals,Gujarat Titans,Narendra Modi Stadium,Ravichandran Ashwin,29.14,17.54,0.0,0.0,0.0,0
sample_20201006_0016,2020-10-06,Gujarat Titans,Rajasthan Royals,Narendra Modi Stadium,Shubman Gill,43.06,43.8,0.1,20.63,35.78,1
sample_20201006_0016,2020-10-06,Gujarat Titans,Rajasthan Royals,Narendra Modi Stadium,Wriddhiman Saha,55.63,43.42,0.57,32.84,4.29,1
sample_20201006_0016,2020-10-06,Gujarat Titans,Rajasthan Royals,Narendra Modi Stadium,Sai Sudharsan,0.0,1.0,0.51,21.82,26.25,1
sample_20201006_0016,2020-10-06,Gujarat Titans,Rajasthan Royals,Narendra Modi Stadium,David Miller,0.73,1.0,0.57,18.83,53.37,1
sample_20201006_0016,2020-10-06,Gujarat Titans,Rajasthan Royals,Narendra Modi Stadium,Rahul Tewatia,40.21,25.23,2.56,21.82,17.31,1
sample_20201006_0016,2020-10-06,Gujarat Titans,Rajasthan Royals,Narendra Modi Stadium,Rashid Khan,0.0,1.0,0.0,0.0,0.0,1
sample_20201007_0017,2020-10-07,Rajasthan Royals,Royal Challengers Bengaluru,Arun Jaitley Stadium,Sanju Samson,18.35,13.06,0.09,33.19,43.48,1
sample_20201007_0017,2020-10-07,Rajasthan Royals,Royal Challengers Bengaluru,Arun Jaitley Stadium,Yashasvi Jaiswal,10.64,10.63,0.23,35.6,53.0,1
sample_20201007_0017,2020-10-07,Rajasthan Royals,Royal Challengers Bengaluru,Arun Jaitley Stadium,Jos Buttler,17.75,10.14,0.72,32.91,22.82,1
sample_20201007_0017,2020-10-07,Rajasthan Royals,Royal Challengers Bengaluru,Arun Jaitley Stadium,Riyan Parag,0.87,1.0,1.3,26.52,32.38,1
sample_20201007_0017,2020-10-07,Rajasthan Royals,Royal Challengers Bengaluru,Arun Jaitley Stadium,Shimron Hetmyer,35.1,33.94,2.22,19.73,24.6,1
sample_20201007_0017,2020-10-07,Rajasthan Royals,Royal Challengers Bengaluru,Arun Jaitley Stadium,Ravichandran Ashwin,82.04,87.99,0.0,0.0,0.0,1
sample_20201007_0017,2020-10-07,Royal Challengers Bengaluru,Rajasthan Royals,Arun Jaitley Stadium,Virat Kohli,10.5,8.52,0.51,26.47,35.83,0
sample_20201007_0017,2020-10-07,Royal Challengers Bengaluru,Rajasthan Royals,Arun Jaitley Stadium,Faf du Plessis,8.57,6.13,1.06,28.37,22.23,0
sample_20201007_0017,2020-10-07,Royal Challengers Bengaluru,Rajasthan Royals,Arun Jaitley Stadium,Glenn Maxwell,7.61,5.91,2.58,20.7,16.77,0
sample_20201007_0017,2020-10-07,Royal Challengers Bengaluru,Rajasthan Royals,Arun Jaitley Stadium,Rajat Patidar,77.98,83.17,0.16,25.96,20.07,0
sample_20201007_0017,2020-10-07,Royal Challengers Bengaluru,Rajasthan Royals,Arun Jaitley Stadium,Cameron Green,27.33,22.25,2.6,27.71,43.52,0
sample_20201007_0017,2020-10-07,Royal Challengers Bengaluru,Rajasthan Royals,Arun Jaitley Stadium,Dinesh Karthik,6.95,4.0,0.0,0.0,0.0,0
sample_20201008_0018,2020-10-08,Mumbai Indians,Sunrisers Hyderabad,MA Chidambaram Stadium,Rohit Sharma,24.1,19.78,1.46,21.11,47.79,0
sample_20201008_0018,2020-10-08,Mumbai Indians,Sunrisers Hyderabad,MA Chidambaram Stadium,Ishan Kishan,47.94,34.14,1.95,21.32,37.3,0
sample_20201008_0018,2020-10-08,Mumbai Indians,Sunrisers Hyderabad,MA Chidambaram Stadium,Suryakumar Yadav,21.4,12.68,2.07,27.97,44.3,0
sample_20201008_0018,2020-10-08,Mumbai Indians,Sunrisers Hyderabad,MA Chidambaram Stadium,Hardik Pandya,14.13,7.95,1.61,32.7,34.05,0
sample_20201008_0018,2020-10-08,Mumbai Indians,Sunrisers Hyderabad,MA Chidambaram Stadium,Tilak Varma,56.62,35.96,0.69,24.14,31.8,0
sample_20201008_0018,2020-10-08,Mumbai Indians,Sunrisers Hyderabad,MA Chidambaram Stadium,Tim David,34.93,20.16,0.0,0.0,0.0,0
sample_20201008_0018,2020-10-08,Sunrisers Hyderabad,Mumbai Indians,MA Chidambaram Stadium,Pat Cummins,48.21,43.32,0.09,21.37,36.45,1
sample_20201008_0018,2020-10-08,Sunrisers Hyderabad,Mumbai Indians,MA Chidambaram Stadium,Travis Head,0.0,1.0,0.37,29.07,24.64,1
sample_20201008_0018,2020-10-08,Sunrisers Hyderabad,Mumbai Indians,MA Chidambaram Stadium,Abhishek Sharma,36.42,22.49,0.3,18.21,40.93,1
sample_20201008_0018,2020-10-08,Sunrisers Hyderabad,Mumbai Indians,MA Chidambaram Stadium,Aiden Markram,57.02,53.83,1.43,28.52,37.89,1
sample_20201008_0018,2020-10-08,Sunrisers Hyderabad,Mumbai Indians,MA Chidambaram Stadium,Heinrich Klaasen,2.61,2.05,2.48,31.4,12.62,1
sample_20201008_0018,2020-10-08,Sunrisers Hyderabad,Mumbai Indians,MA Chidambaram Stadium,Nitish Kumar Reddy,37.68,35.5,0.0,0.0,0.0,1
sample_20201009_0019,2020-10-09,Sunrisers Hyderabad,Delhi Capitals,Arun Jaitley Stadium,Pat Cummins,22.77,21.82,1.38,23.26,45.82,1
sample_20201009_0019,2020-10-09,Sunrisers Hyderabad,Delhi Capitals,Arun Jaitley Stadium,Travis Head,0.0,1.0,0.72,29.26,41.1,1
sample_20201009_0019,2020-10-09,Sunrisers Hyderabad,Delhi Capitals,Arun Jaitley Stadium,Abhishek Sharma,16.68,13.41,2.29,26.81,44.98,1
sample_20201009_0019,2020-10-09,Sunrisers Hyderabad,Delhi Capitals,Arun Jaitley Stadium,Aiden Markram,74.14,79.31,0.01,19.21,42.68,1
sample_20201009_0019,2020-10-09,Sunrisers Hyderabad,Delhi Capitals,Arun Jaitley Stadium,Heinrich Klaasen,77.73,58.72,0.14,17.81,61.5,1
sample_20201009_0019,2020-10-09,Sunrisers Hyderabad,Delhi Capitals,Arun Jaitley Stadium,Nitish Kumar Reddy,15.62,14.47,0.0,0.0,0.0,1
sample_20201009_0019,2020-10-09,Delhi Capitals,Sunrisers Hyderabad,Arun Jaitley Stadium,Rishabh Pant,13.74,7.96,0.89,22.48,33.82,0
sample_20201009_0019,2020-10-09,Delhi Capitals,Sunrisers Hyderabad,Arun Jaitley Stadium,David Warner,9.65,7.94,0.0,29.17,33.8,0
sample_20201009_0019,2020-10-09,Delhi Capitals,Sunrisers Hyderabad,Arun Jaitley Stadium,Prithvi Shaw,54.65,33.36,3.06,31.97,50.06,0
sample_20201009_0019,2020-10-09,Delhi Capitals,Sunrisers Hyderabad,Arun Jaitley Stadium,Jake Fraser-McGurk,6.52,3.87,0.52,28.97,41.65,0
sample_20201009_0019,2020-10-09,Delhi Capitals,Sunrisers Hyderabad,Arun Jaitley Stadium,Tristan Stubbs,37.29,33.88,1.25,26.19,43.16,0
sample_20201009_0019,2020-10-09,Delhi Capitals,Sunrisers Hyderabad,Arun Jaitley Stadium,Axar Patel,67.42,45.12,0.0,0.0,0.0,0
sample_20201010_0020,2020-10-10,Delhi Capitals,Sunrisers Hyderabad,M Chinnaswamy Stadium,Rishabh Pant,49.01,40.3,3.16,27.62,31.98,0
sample_20201010_0020,2020-10-10,Delhi Capitals,Sunrisers Hyderabad,M Chinnaswamy Stadium,David Warner,19.37,14.26,4.81,31.1,30.56,0
sample_20201010_0020,2020-10-10,Delhi Capitals,Sunrisers Hyderabad,M Chinnaswamy Stadium,Prithvi Shaw,31.55,20.87,0.75,20.52,40.75,0
sample_20201010_0020,2020-10-10,Delhi Capitals,Sunrisers Hyderabad,M Chinnaswamy Stadium,Jake Fraser-McGurk,9.62,5.79,0.23,23.95,38.93,0
sample_20201010_0020,2020-10-10,Delhi Capitals,Sunrisers Hyderabad,M Chinnaswamy Stadium,Tristan Stubbs,9.42,7.86,0.9,14.59,46.41,0
sample_20201010_0020,2020-10-10,Delhi Capitals,Sunrisers Hyderabad,M Chinnaswamy Stadium,Axar Patel,48.86,52.83,0.0,0.0,0.0,0
sample_20201010_0020,2020-10-10,Sunrisers Hyderabad,Delhi Capitals,M Chinnaswamy Stadium,Pat Cummins,17.55,10.39,1.09,27.93,50.45,1
sample_20201010_0020,2020-10-10,Sunrisers Hyderabad,Delhi Capitals,M Chinnaswamy Stadium,Travis Head,10.15,8.94,0.08,18.79,26.65,1
sample_20201010_0020,2020-10-10,Sunrisers Hyderabad,Delhi Capitals,M Chinnaswamy Stadium,Abhishek Sharma,34.77,24.44,0.75,21.36,13.44,1
sample_20201010_0020,2020-10-10,Sunrisers Hyderabad,Delhi Capitals,M Chinnaswamy Stadium,Aiden Markram,10.87,6.09,1.6,20.01,46.61,1
sample_20201010_0020,2020-10-10,Sunrisers Hyderabad,Delhi Capitals,M Chinnaswamy Stadium,Heinrich Klaasen,9.58,10.25,3.21,23.14,45.9,1
sample_20201010_0020,2020-10-10,Sunrisers Hyderabad,Delhi Capitals,M Chinnaswamy Stadium,Nitish Kumar Reddy,133.99,93.25,0.0,0.0,0.0,1
sample_20201011_0021,2020-10-11,Sunrisers Hyderabad,Gujarat Titans,Eden Gardens,Pat Cummins,8.95,5.23,1.33,24.24,18.54,0
sample_20201011_0021,2020-10-11,Sunrisers Hyderabad,Gujarat Titans,Eden Gardens,Travis Head,57.84,54.0,1.23,13.39,32.49,0
sample_20201011_0021,2020-10-11,Sunrisers Hyderabad,Gujarat Titans,Eden Gardens,Abhishek Sharma,20.72,22.04,0.73,10.44,29.49,0
sample_20201011_0021,2020-10-11,Sunrisers Hyderabad,Gujarat Titans,Eden Gardens,Aiden Markram,15.32,11.85,1.77,15.26,27.49,0
sample_20201011_0021,2020-10-11,Sunrisers Hyderabad,Gujarat Titans,Eden Gardens,Heinrich Klaasen,39.02,28.53,0.57,27.38,32.55,0
sample_20201011_0021,2020-10-11,Sunrisers Hyderabad,Gujarat Titans,Eden Gardens,Nitish Kumar Reddy,23.55,14.48,0.0,0.0,0.0,0
sample_20201011_0021,2020-10-11,Gujarat Titans,Sunrisers Hyderabad,Eden Gardens,Shubman Gill,61.98,40.83,1.02,17.1,39.92,1
sample_20201011_0021,2020-10-11,Gujarat Titans,Sunrisers Hyderabad,Eden Gardens,Wriddhiman Saha,18.32,10.49,0.43,20.25,46.05,1
sample_20201011_0021,2020-10-11,Gujarat Titans,Sunrisers Hyderabad,Eden Gardens,Sai Sudharsan,20.36,13.03,2.67,26.99,11.73,1
sample_20201011_0021,2020-10-11,Gujarat Titans,Sunrisers Hyderabad,Eden Gardens,David Miller,37.52,34.83,2.81,24.79,33.48,1
sample_20201011_0021,2020-10-11,Gujarat Titans,Sunrisers Hyderabad,Eden Gardens,Rahul Tewatia,17.28,13.42,0.81,12.02,15.98,1
sample_20201011_0021,2020-10-11,Gujarat Titans,Sunrisers Hyderabad,Eden Gardens,Rashid Khan,3.57,2.03,0.0,0.0,0.0,1
sample_20201012_0022,2020-10-12,Sunrisers Hyderabad,Gujarat Titans,Arun Jaitley Stadium,Pat Cummins,61.28,45.17,0.0,36.05,19.81,0
sample_20201012_0022,2020-10-12,Sunrisers Hyderabad,Gujarat Titans,Arun Jaitley Stadium,Travis Head,30.08,20.05,2.62,18.42,44.56,0
sample_20201012_0022,2020-10-12,Sunrisers Hyderabad,Gujarat Titans,Arun Jaitley Stadium,Abhishek Sharma,39.69,33.25,1.62,25.42,28.35,0
sample_20201012_0022,2020-10-12,Sunrisers Hyderabad,Gujarat Titans,Arun Jaitley Stadium,Aiden Markram,19.1,12.5,0.43,13.32,21.37,0
sample_20201012_0022,2020-10-12,Sunrisers Hyderabad,Gujarat Titans,Arun Jaitley Stadium,Heinrich Klaasen,8.48,6.06,1.09,14.6,22.16,0
sample_20201012_0022,2020-10-12,Sunrisers Hyderabad,Gujarat Titans,Arun Jaitley Stadium,Nitish Kumar Reddy,0.0,1.0,0.0,0.0,0.0,0
sample_20201012_0022,2020-10-12,Gujarat Titans,Sunrisers Hyderabad,Arun Jaitley Stadium,Shubman Gill,16.31,10.88,0.2,17.02,37.42,1
sample_20201012_0022,2020-10-12,Gujarat Titans,Sunrisers Hyderabad,Arun Jaitley Stadium,Wriddhiman Saha,48.47,39.05,0.21,24.15,33.6,1
sample_20201012_0022,2020-10-12,Gujarat Titans,Sunrisers Hyderabad,Arun Jaitley Stadium,Sai Sudharsan,63.48,40.35,0.42,15.28,23.18,1
sample_20201012_0022,2020-10-12,Gujarat Titans,Sunrisers Hyderabad,Arun Jaitley Stadium,David Miller,9.01,8.53,2.06,10.71,39.26,1
sample_20201012_0022,2020-10-12,Gujarat Titans,Sunrisers Hyderabad,Arun Jaitley Stadium,Rahul Tewatia,26.54,18.79,0.7,27.3,28.77,1
sample_20201012_0022,2020-10-12,Gujarat Titans,Sunrisers Hyderabad,Arun Jaitley Stadium,Rashid Khan,20.11,15.89,0.0,0.0,0.0,1
sample_20201013_0023,2020-10-13,Mumbai Indians,Rajasthan Royals,M Chinnaswamy Stadium,Rohit Sharma,9.55,5.94,1.02,32.15,30.48,0
sample_20201013_0023,2020-10-13,Mumbai Indians,Rajasthan Royals,M Chinnaswamy Stadium,Ishan Kishan,27.75,19.19,1.49,21.7,28.28,0
sample_20201013_0023,2020-10-13,Mumbai Indians,Rajasthan Royals,M Chinnaswamy Stadium,Suryakumar Yadav,18.14,15.25,2.66,24.47,18.62,0
sample_20201013_0023,2020-10-13,Mumbai Indians,Rajasthan Royals,M Chinnaswamy Stadium,Hardik Pandya,23.22,17.89,1.32,13.34,28.64,0
sample_20201013_0023,2020-10-13,Mumbai Indians,Rajasthan Royals,M Chinnaswamy Stadium,Tilak Varma,31.73,21.04,2.38,24.28,33.02,0
sample_20201013_0023,2020-10-13,Mumbai Indians,Rajasthan Royals,M Chinnaswamy Stadium,Tim David,14.48,10.65,0.0,0.0,0.0,0
sample_20201013_0023,2020-10-13,Rajasthan Royals,Mumbai Indians,M Chinnaswamy Stadium,Sanju Samson,21.58,13.37,2.32,22.78,14.09,1
sample_20201013_0023,2020-10-13,Rajasthan Royals,Mumbai Indians,M Chinnaswamy Stadium,Yashasvi Jaiswal,4.39,2.49,0.0,27.89,13.88,1
sample_20201013_0023,2020-10-13,Rajasthan Royals,Mumbai Indians,M Chinnaswamy Stadium,Jos Buttler,3.35,2.15,0.73,31.02,27.01,1
sample_20201013_0023,2020-10-13,Rajasthan Royals,Mumbai Indians,M Chinnaswamy Stadium,Riyan Parag,52.5,35.17,0.93,31.64,34.16,1
sample_20201013_0023,2020-10-13,Rajasthan Royals,Mumbai Indians,M Chinnaswamy Stadium,Shimron Hetmyer,45.57,39.44,1.68,14.6,32.68,1
sample_20201013_0023,2020-10-13,Rajasthan Royals,Mumbai Indians,M Chinnaswamy Stadium,Ravichandran Ashwin,11.37,7.59,0.0,0.0,0.0,1
sample_20201014_0024,2020-10-14,Gujarat Titans,Sunrisers Hyderabad,Wankhede Stadium,Shubman Gill,12.51,11.35,5.11,29.93,38.45,0
sample_20201014_0024,2020-10-14,Gujarat Titans,Sunrisers Hyderabad,Wankhede Stadium,Wriddhiman Saha,38.17,35.37,1.0,15.0,24.55,0
sample_20201014_0024,2020-10-14,Gujarat Titans,Sunrisers Hyderabad,Wankhede Stadium,Sai Sudharsan,2.88,3.12,1.37,20.16,41.2,0
sample_20201014_0024,2020-10-14,Gujarat Titans,Sunrisers Hyderabad,Wankhede Stadium,David Miller,0.0,1.0,1.35,23.15,43.53,0
sample_20201014_0024,2020-10-14,Gujarat Titans,Sunrisers Hyderabad,Wankhede Stadium,Rahul Tewatia,104.54,78.74,0.57,15.71,29.48,0
sample_20201014_0024,2020-10-14,Gujarat Titans,Sunrisers Hyderabad,Wankhede Stadium,Rashid Khan,2.01,1.21,0.0,0.0,0.0,0
sample_20201014_0024,2020-10-14,Sunrisers Hyderabad,Gujarat Titans,Wankhede Stadium,Pat Cummins,2.57,2.66,1.47,30.15,36.96,1
sample_20201014_0024,2020-10-14,Sunrisers Hyderabad,Gujarat Titans,Wankhede Stadium,Travis Head,80.77,63.45,1.14,27.85,37.47,1
sample_20201014_0024,2020-10-14,Sunrisers Hyderabad,Gujarat Titans,Wankhede Stadium,Abhishek Sharma,2.28,1.55,1.81,20.5,33.32,1
sample_20201014_0024,2020-10-14,Sunrisers Hyderabad,Gujarat Titans,Wankhede Stadium,Aiden Markram,9.89,9.2,0.09,30.28,24.62,1
sample_20201014_0024,2020-10-14,Sunrisers Hyderabad,Gujarat Titans,Wankhede Stadium,Heinrich Klaasen,0.0,1.0,1.12,30.76,39.58,1
sample_20201014_0024,2020-10-14,Sunrisers Hyderabad,Gujarat Titans,Wankhede Stadium,Nitish Kumar Reddy,87.86,65.32,0.0,0.0,0.0,1
sample_20201015_0025,2020-10-15,Kolkata Knight Riders,Royal Challengers Bengaluru,Arun Jaitley Stadium,Shreyas Iyer,11.56,7.22,2.18,19.35,28.63,1
sample_20201015_0025,2020-10-15,Kolkata Knight Riders,Royal Challengers Bengaluru,Arun Jaitley Stadium,Sunil Narine,88.01,80.23,0.29,29.36,26.65,1
sample_20201015_0025,2020-10-15,Kolkata Knight Riders,Royal Challengers Bengaluru,Arun Jaitley Stadium,Andre Russell,36.19,22.29,0.94,20.61,45.39,1
sample_20201015_0025,2020-10-15,Kolkata Knight Riders,Royal Challengers Bengaluru,Arun Jaitley Stadium,Rinku Singh,10.79,7.07,1.69,37.61,24.09,1
sample_20201015_0025,2020-10-15,Kolkata Knight Riders,Royal Challengers Bengaluru,Arun Jaitley Stadium,Venkatesh Iyer,16.71,12.68,0.92,19.33,28.1,1
sample_20201015_0025,2020-10-15,Kolkata Knight Riders,Royal Challengers Bengaluru,Arun Jaitley Stadium,Phil Salt,0.84,1.0,0.0,0.0,0.0,1
sample_20201015_0025,2020-10-15,Royal Challengers Bengaluru,Kolkata Knight Riders,Arun Jaitley Stadium,Virat Kohli,38.35,22.22,0.83,25.78,20.13,0
sample_20201015_0025,2020-10-15,Royal Challengers Bengaluru,Kolkata Knight Riders,Arun Jaitley Stadium,Faf du Plessis,7.94,7.87,2.0,32.77,41.69,0
sample_20201015_0025,2020-10-15,Royal Challengers Bengaluru,Kolkata Knight Riders,Arun Jaitley Stadium,Glenn Maxwell,12.12,11.88,0.99,18.1,40.48,0
sample_20201015_0025,2020-10-15,Royal Challengers Bengaluru,Kolkata Knight Riders,Arun Jaitley Stadium,Rajat Patidar,16.04,12.17,0.91,14.45,36.62,0
sample_20201015_0025,2020-10-15,Royal Challengers Bengaluru,Kolkata Knight Riders,Arun Jaitley Stadium,Cameron Green,34.71,25.19,0.38,23.95,36.34,0
sample_20201015_0025,2020-10-15,Royal Challengers Bengaluru,Kolkata Knight Riders,Arun Jaitley Stadium,Dinesh Karthik,74.6,53.17,0.0,0.0,0.0,0
sample_20201016_0026,2020-10-16,Sunrisers Hyderabad,Punjab Kings,Narendra Modi Stadium,Pat Cummins,2.26,1.32,0.17,25.64,32.33,1
sample_20201016_0026,2020-10-16,Sunrisers Hyderabad,Punjab Kings,Narendra Modi Stadium,Travis Head,27.98,17.83,0.74,27.99,41.73,1
sample_20201016_0026,2020-10-16,Sunrisers Hyderabad,Punjab Kings,Narendra Modi Stadium,Abhishek Sharma,16.47,12.41,1.26,11.35,40.09,1
sample_20201016_0026,2020-10-16,Sunrisers Hyderabad,Punjab Kings,Narendra Modi Stadium,Aiden Markram,32.0,28.24,1.73,18.72,39.14,1
sample_20201016_0026,2020-10-16,Sunrisers Hyderabad,Punjab Kings,Narendra Modi Stadium,Heinrich Klaasen,28.62,25.49,0.95,18.74,30.14,1
sample_20201016_0026,2020-10-16,Sunrisers Hyderabad,Punjab Kings,Narendra Modi Stadium,Nitish Kumar Reddy,60.79,41.25,0.0,0.0,0.0,1
sample_20201016_0026,2020-10-16,Punjab Kings,Sunrisers Hyderabad,Narendra Modi Stadium,Shikhar Dhawan,19.19,12.07,0.31,16.14,11.02,0
sample_20201016_0026,2020-10-16,Punjab Kings,Sunrisers Hyderabad,Narendra Modi Stadium,Jonny Bairstow,17.58,12.84,2.0,21.69,38.01,0
sample_20201016_0026,2020-10-16,Punjab Kings,Sunrisers Hyderabad,Narendra Modi Stadium,Liam Livingstone,52.22,35.67,0.75,22.2,38.12,0
sample_20201016_0026,2020-10-16,Punjab Kings,Sunrisers Hyderabad,Narendra Modi Stadium,Sam Curran,22.35,19.49,1.05,22.99,41.84,0
sample_20201016_0026,2020-10-16,Punjab Kings,Sunrisers Hyderabad,Narendra Modi Stadium,Jitesh Sharma,22.67,23.37,0.55,27.93,20.55,0
sample_20201016_0026,2020-10-16,Punjab Kings,Sunrisers Hyderabad,Narendra Modi Stadium,Shashank Singh,33.19,28.68,0.0,0.0,0.0,0
sample_20201017_0027,2020-10-17,Rajasthan Royals,Sunrisers Hyderabad,M Chinnaswamy Stadium,Sanju Samson,52.07,50.27,2.71,32.53,34.03,1
sample_20201017_0027,2020-10-17,Rajasthan Royals,Sunrisers Hyderabad,M Chinnaswamy Stadium,Yashasvi Jaiswal,7.87,6.32,1.52,25.6,27.96,1
sample_20201017_0027,2020-10-17,Rajasthan Royals,Sunrisers Hyderabad,M Chinnaswamy Stadium,Jos Buttler,6.95,6.7,0.54,27.26,48.85,1
sample_20201017_0027,2020-10-17,Rajasthan Royals,Sunrisers Hyderabad,M Chinnaswamy Stadium,Riyan Parag,92.15,84.34,1.33,11.06,35.94,1
sample_20201017_0027,2020-10-17,Rajasthan Royals,Sunrisers Hyderabad,M Chinnaswamy Stadium,Shimron Hetmyer,10.41,8.17,0.24,26.72,34.1,1
sample_20201017_0027,2020-10-17,Rajasthan Royals,Sunrisers Hyderabad,M Chinnaswamy Stadium,Ravichandran Ashwin,8.49,7.09,0.0,0.0,0.0,1
sample_20201017_0027,2020-10-17,Sunrisers Hyderabad,Rajasthan Royals,M Chinnaswamy Stadium,Pat Cummins,45.91,34.8,0.18,6.5,49.3,0
sample_20201017_0027,2020-10-17,Sunrisers Hyderabad,Rajasthan Royals,M Chinnaswamy Stadium,Travis Head,0.0,1.0,1.49,30.15,34.23,0
sample_20201017_0027,2020-10-17,Sunrisers Hyderabad,Rajasthan Royals,M Chinnaswamy Stadium,Abhishek Sharma,0.64,1.0,0.1,30.16,18.18,0
sample_20201017_0027,2020-10-17,Sunrisers Hyderabad,Rajasthan Royals,M Chinnaswamy Stadium,Aiden Markram,4.76,3.8,2.1,16.85,31.57,0
sample_20201017_0027,2020-10-17,Sunrisers Hyderabad,Rajasthan Royals,M Chinnaswamy Stadium,Heinrich Klaasen,31.66,19.88,3.02,28.39,20.21,0
sample_20201017_0027,2020-10-17,Sunrisers Hyderabad,Rajasthan Royals,M Chinnaswamy Stadium,Nitish Kumar Reddy,97.26,55.53,0.0,0.0,0.0,0
sample_20201018_0028,2020-10-18,Mumbai Indians,Delhi Capitals,Eden Gardens,Rohit Sharma,59.48,50.89,1.61,24.34,48.05,1
sample_20201018_0028,2020-10-18,Mumbai Indians,Delhi Capitals,Eden Gardens,Ishan Kishan,0.0,1.0,0.64,25.29,35.35,1
sample_20201018_0028,2020-10-18,Mumbai Indians,Delhi Capitals,Eden Gardens,Suryakumar Yadav,77.47,45.5,0.0,22.28,39.74,1
sample_20201018_0028,2020-10-18,Mumbai Indians,Delhi Capitals,Eden Gardens,Hardik Pandya,49.17,29.76,0.99,22.37,43.24,1
sample_20201018_0028,2020-10-18,Mumbai Indians,Delhi Capitals,Eden Gardens,Tilak Varma,0.09,1.0,1.02,25.43,44.71,1
sample_20201018_0028,2020-10-18,Mumbai Indians,Delhi Capitals,Eden Gardens,Tim David,33.21,21.27,0.0,0.0,0.0,1
sample_20201018_0028,2020-10-18,Delhi Capitals,Mumbai Indians,Eden Gardens,Rishabh Pant,17.56,10.84,2.05,24.19,38.68,0
sample_20201018_0028,2020-10-18,Delhi Capitals,Mumbai Indians,Eden Gardens,David Warner,24.73,14.48,0.36,25.19,33.53,0
sample_20201018_0028,2020-10-18,Delhi Capitals,Mumbai Indians,Eden Gardens,Prithvi Shaw,11.48,8.57,0.0,26.34,46.65,0
sample_20201018_0028,2020-10-18,Delhi Capitals,Mumbai Indians,Eden Gardens,Jake Fraser-McGurk,21.23,18.53,1.54,24.53,45.12,0
sample_20201018_0028,2020-10-18,Delhi Capitals,Mumbai Indians,Eden Gardens,Tristan Stubbs,88.48,66.18,2.01,20.82,63.34,0
sample_20201018_0028,2020-10-18,Delhi Capitals,Mumbai Indians,Eden Gardens,Axar Patel,37.16,29.73,0.0,0.0,0.0,0
sample_20201019_0029,2020-10-19,Delhi Capitals,Royal Challengers Bengaluru,Eden Gardens,Rishabh Pant,1.02,1.0,3.84,27.49,43.77,1
sample_20201019_0029,2020-10-19,Delhi Capitals,Royal Challengers Bengaluru,Eden Gardens,David Warner,71.3,49.76,1.13,24.78,38.3,1
sample_20201019_0029,2020-10-19,Delhi Capitals,Royal Challengers Bengaluru,Eden Gardens,Prithvi Shaw,5.68,3.79,0.1,27.39,12.98,1
sample_20201019_0029,2020-10-19,Delhi Capitals,Royal Challengers Bengaluru,Eden Gardens,Jake Fraser-McGurk,11.63,11.92,2.53,31.85,34.07,1
sample_20201019_0029,2020-10-19,Delhi Capitals,Royal Challengers Bengaluru,Eden Gardens,Tristan Stubbs,39.5,30.72,0.26,24.68,46.37,1
sample_20201019_0029,2020-10-19,Delhi Capitals,Royal Challengers Bengaluru,Eden Gardens,Axar Patel,62.09,36.95,0.0,0.0,0.0,1
sample_20201019_0029,2020-10-19,Royal Challengers Bengaluru,Delhi Capitals,Eden Gardens,Virat Kohli,17.9,16.83,1.08,28.6,21.95,0
sample_20201019_0029,2020-10-19,Royal Challengers Bengaluru,Delhi Capitals,Eden Gardens,Faf du Plessis,122.77,108.24,1.24,26.2,40.03,0
sample_20201019_0029,2020-10-19,Royal Challengers Bengaluru,Delhi Capitals,Eden Gardens,Glenn Maxwell,2.32,1.94,2.11,20.38,23.27,0
sample_20201019_0029,2020-10-19,Royal Challengers Bengaluru,Delhi Capitals,Eden Gardens,Rajat Patidar,0.0,1.0,2.77,25.64,38.0,0
sample_20201019_0029,2020-10-19,Royal Challengers Bengaluru,Delhi Capitals,Eden Gardens,Cameron Green,15.87,13.18,0.23,29.79,33.88,0
sample_20201019_0029,2020-10-19,Royal Challengers Bengaluru,Delhi Capitals,Eden Gardens,Dinesh Karthik,13.54,8.0,0.0,0.0,0.0,0
sample_20201020_0030,2020-10-20,Rajasthan Royals,Delhi Capitals,M Chinnaswamy Stadium,Sanju Samson,5.61,6.11,0.95,23.43,24.72,0
sample_20201020_0030,2020-10-20,Rajasthan Royals,Delhi Capitals,M Chinnaswamy Stadium,Yashasvi Jaiswal,32.93,23.77,0.27,25.17,35.69,0
sample_20201020_0030,2020-10-20,Rajasthan Royals,Delhi Capitals,M Chinnaswamy Stadium,Jos Buttler,8.95,4.97,0.26,24.57,37.25,0
sample_20201020_0030,2020-10-20,Rajasthan Royals,Delhi Capitals,M Chinnaswamy Stadium,Riyan Parag,29.24,24.07,0.51,13.15,44.83,0
sample_20201020_0030,2020-10-20,Rajasthan Royals,Delhi Capitals,M Chinnaswamy Stadium,Shimron Hetmyer,32.84,22.11,1.87,19.72,37.12,0
sample_20201020_0030,2020-10-20,Rajasthan Royals,Delhi Capitals,M Chinnaswamy Stadium,Ravichandran Ashwin,42.93,26.78,0.0,0.0,0.0,0
sample_20201020_0030,2020-10-20,Delhi Capitals,Rajasthan Royals,M Chinnaswamy Stadium,Rishabh Pant,26.16,17.6,0.2,25.29,43.53,1
sample_20201020_0030,2020-10-20,Delhi Capitals,Rajasthan Royals,M Chinnaswamy Stadium,David Warner,45.75,28.97,0.62,19.15,36.48,1
sample_20201020_0030,2020-10-20,Delhi Capitals,Rajasthan Royals,M Chinnaswamy Stadium,Prithvi Shaw,79.8,45.48,0.43,37.24,30.56,1
sample_20201020_0030,2020-10-20,Delhi Capitals,Rajasthan Royals,M Chinnaswamy Stadium,Jake Fraser-McGurk,10.35,9.59,3.21,24.59,59.18,1
sample_20201020_0030,2020-10-20,Delhi Capitals,Rajasthan Royals,M Chinnaswamy Stadium,Tristan Stubbs,9.49,10.34,2.06,19.21,32.28,1
sample_20201020_0030,2020-10-20,Delhi Capitals,Rajasthan Royals,M Chinnaswamy Stadium,Axar Patel,10.99,10.6,0.0,0.0,0.0,1
sample_20201021_0031,2020-10-21,Royal Challengers Bengaluru,Punjab Kings,Arun Jaitley Stadium,Virat Kohli,9.44,7.16,0.39,27.61,37.93,1
sample_20201021_0031,2020-10-21,Royal Challengers Bengaluru,Punjab Kings,Arun Jaitley Stadium,Faf du Plessis,15.48,13.69,0.56,19.54,29.38,1
sample_20201021_0031,2020-10-21,Royal Challengers Bengaluru,Punjab Kings,Arun Jaitley Stadium,Glenn Maxwell,29.16,23.67,1.66,27.8,40.65,1
sample_20201021_0031,2020-10-21,Royal Challengers Bengaluru,Punjab Kings,Arun Jaitley Stadium,Rajat Patidar,13.61,9.42,3.89,13.74,27.22,1
sample_20201021_0031,2020-10-21,Royal Challengers Bengaluru,Punjab Kings,Arun Jaitley Stadium,Cameron Green,43.13,24.4,0.75,17.53,31.6,1
sample_20201021_0031,2020-10-21,Royal Challengers Bengaluru,Punjab Kings,Arun Jaitley Stadium,Dinesh Karthik,48.51,31.37,0.0,0.0,0.0,1
sample_20201021_0031,2020-10-21,Punjab Kings,Royal Challengers Bengaluru,Arun Jaitley Stadium,Shikhar Dhawan,58.54,36.59,0.64,21.19,53.91,0
sample_20201021_0031,2020-10-21,Punjab Kings,Royal Challengers Bengaluru,Arun Jaitley Stadium,Jonny Bairstow,9.04,8.63,1.99,18.41,23.81,0
sample_20201021_0031,2020-10-21,Punjab Kings,Royal Challengers Bengaluru,Arun Jaitley Stadium,Liam Livingstone,67.5,57.2,0.18,12.86,32.0,0
sample_20201021_0031,2020-10-21,Punjab Kings,Royal Challengers Bengaluru,Arun Jaitley Stadium,Sam Curran,6.57,4.62,3.5,19.12,28.4,0
sample_20201021_0031,2020-10-21,Punjab Kings,Royal Challengers Bengaluru,Arun Jaitley Stadium,Jitesh Sharma,0.31,1.0,2.88,27.63,44.61,0
sample_20201021_0031,2020-10-21,Punjab Kings,Royal Challengers Bengaluru,Arun Jaitley Stadium,Shashank Singh,27.63,19.48,0.0,0.0,0.0,0
sample_20201022_0032,2020-10-22,Delhi Capitals,Gujarat Titans,Arun Jaitley Stadium,Rishabh Pant,103.83,72.47,1.86,17.4,41.14,1
sample_20201022_0032,2020-10-22,Delhi Capitals,Gujarat Titans,Arun Jaitley Stadium,David Warner,13.36,8.11,2.65,37.12,41.57,1
sample_20201022_0032,2020-10-22,Delhi Capitals,Gujarat Titans,Arun Jaitley Stadium,Prithvi Shaw,13.2,11.8,1.55,16.28,54.63,1
sample_20201022_0032,2020-10-22,Delhi Capitals,Gujarat Titans,Arun Jaitley Stadium,Jake Fraser-McGurk,46.6,30.51,0.87,23.77,37.9,1
sample_20201022_0032,2020-10-22,Delhi Capitals,Gujarat Titans,Arun Jaitley Stadium,Tristan Stubbs,4.14,3.54,0.27,31.38,30.74,1
sample_20201022_0032,2020-10-22,Delhi Capitals,Gujarat Titans,Arun Jaitley Stadium,Axar Patel,2.87,1.89,0.0,0.0,0.0,1
sample_20201022_0032,2020-10-22,Gujarat Titans,Delhi Capitals,Arun Jaitley Stadium,Shubman Gill,61.15,37.63,2.06,25.99,39.47,0
sample_20201022_0032,2020-10-22,Gujarat Titans,Delhi Capitals,Arun Jaitley Stadium,Wriddhiman Saha,21.99,13.6,2.71,9.74,29.15,0
sample_20201022_0032,2020-10-22,Gujarat Titans,Delhi Capitals,Arun Jaitley Stadium,Sai Sudharsan,2.44,1.73,0.6,26.87,44.89,0
sample_20201022_0032,2020-10-22,Gujarat Titans,Delhi Capitals,Arun Jaitley Stadium,David Miller,103.59,110.56,0.83,12.92,32.45,0
sample_20201022_0032,2020-10-22,Gujarat Titans,Delhi Capitals,Arun Jaitley Stadium,Rahul Tewatia,7.8,5.65,0.16,27.79,46.08,0
sample_20201022_0032,2020-10-22,Gujarat Titans,Delhi Capitals,Arun Jaitley Stadium,Rashid Khan,1.66,1.11,0.0,0.0,0.0,0
sample_20201023_0033,2020-10-23,Chennai Super Kings,Lucknow Super Giants,Arun Jaitley Stadium,Ruturaj Gaikwad,11.48,6.9,6.72,21.44,36.45,0
sample_20201023_0033,2020-10-23,Chennai Super Kings,Lucknow Super Giants,Arun Jaitley Stadium,Devon Conway,13.29,8.1,2.77,19.5,19.73,0
sample_20201023_0033,2020-10-23,Chennai Super Kings,Lucknow Super Giants,Arun Jaitley Stadium,Ajinkya Rahane,23.17,23.29,0.52,18.66,0.0,0
sample_20201023_0033,2020-10-23,Chennai Super Kings,Lucknow Super Giants,Arun Jaitley Stadium,Shivam Dube,2.69,1.53,0.6,21.04,44.15,0
sample_20201023_0033,2020-10-23,Chennai Super Kings,Lucknow Super Giants,Arun Jaitley Stadium,Ravindra Jadeja,30.97,21.04,0.87,25.57,33.06,0
sample_20201023_0033,2020-10-23,Chennai Super Kings,Lucknow Super Giants,Arun Jaitley Stadium,MS Dhoni,48.88,29.7,0.0,0.0,0.0,0
sample_20201023_0033,2020-10-23,Lucknow Super Giants,Chennai Super Kings,Arun Jaitley Stadium,KL Rahul,3.91,2.55,0.0,27.1,4.81,1
sample_20201023_0033,2020-10-23,Lucknow Super Giants,Chennai Super Kings,Arun Jaitley Stadium,Quinton de Kock,52.68,40.77,0.85,30.0,17.98,1
sample_20201023_0033,2020-10-23,Lucknow Super Giants,Chennai Super Kings,Arun Jaitley Stadium,Nicholas Pooran,18.15,11.63,0.54,23.8,22.08,1
sample_20201023_0033,2020-10-23,Lucknow Super Giants,Chennai Super Kings,Arun Jaitley Stadium,Marcus Stoinis,23.14,13.08,1.24,29.01,37.49,1
sample_20201023_0033,2020-10-23,Lucknow Super Giants,Chennai Super Kings,Arun Jaitley Stadium,Deepak Hooda,16.95,14.83,1.56,22.86,6.45,1
sample_20201023_0033,2020-10-23,Lucknow Super Giants,Chennai Super Kings,Arun Jaitley Stadium,Krunal Pandya,22.85,14.04,0.0,0.0,0.0,1
sample_20201024_0034,2020-10-24,Lucknow Super Giants,Punjab Kings,Eden Gardens,KL Rahul,29.58,24.86,0.38,21.89,36.4,1
sample_20201024_0034,2020-10-24,Lucknow Super Giants,Punjab Kings,Eden Gardens,Quinton de Kock,32.71,29.18,5.65,30.72,27.72,1
sample_20201024_0034,2020-10-24,Lucknow Super Giants,Punjab Kings,Eden Gardens,Nicholas Pooran,4.43,2.55,0.55,17.4,29.22,1
sample_20201024_0034,2020-10-24,Lucknow Super Giants,Punjab Kings,Eden Gardens,Marcus Stoinis,38.62,33.55,1.17,21.87,7.21,1
sample_20201024_0034,2020-10-24,Lucknow Super Giants,Punjab Kings,Eden Gardens,Deepak Hooda,38.13,29.2,1.89,24.26,30.73,1
sample_20201024_0034,2020-10-24,Lucknow Super Giants,Punjab Kings,Eden Gardens,Krunal Pandya,27.86,17.68,0.0,0.0,0.0,1
sample_20201024_0034,2020-10-24,Punjab Kings,Lucknow Super Giants,Eden Gardens,Shikhar Dhawan,13.7,9.7,0.05,21.35,27.17,0
sample_20201024_0034,2020-10-24,Punjab Kings,Lucknow Super Giants,Eden Gardens,Jonny Bairstow,42.76,28.48,1.92,21.32,38.8,0
sample_20201024_0034,2020-10-24,Punjab Kings,Lucknow Super Giants,Eden Gardens,Liam Livingstone,10.7,8.89,0.99,18.8,12.53,0
sample_20201024_0034,2020-10-24,Punjab Kings,Lucknow Super Giants,Eden Gardens,Sam Curran,11.12,8.27,1.44,9.77,23.64,0
sample_20201024_0034,2020-10-24,Punjab Kings,Lucknow Super Giants,Eden Gardens,Jitesh Sharma,46.37,38.88,1.58,13.78,14.59,0
sample_20201024_0034,2020-10-24,Punjab Kings,Lucknow Super Giants,Eden Gardens,Shashank Singh,17.34,12.95,0.0,0.0,0.0,0
sample_20201025_0035,2020-10-25,Sunrisers Hyderabad,Rajasthan Royals,M Chinnaswamy Stadium,Pat Cummins,84.88,60.62,0.0,24.61,32.37,0
sample_20201025_0035,2020-10-25,Sunrisers Hyderabad,Rajasthan Royals,M Chinnaswamy Stadium,Travis Head,14.6,10.7,0.74,25.66,44.76,0
sample_20201025_0035,2020-10-25,Sunrisers Hyderabad,Rajasthan Royals,M Chinnaswamy Stadium,Abhishek Sharma,48.9,45.62,0.34,27.43,25.08,0
sample_20201025_0035,2020-10-25,Sunrisers Hyderabad,Rajasthan Royals,M Chinnaswamy Stadium,Aiden Markram,7.8,6.98,0.63,39.62,31.04,0
sample_20201025_0035,2020-10-25,Sunrisers Hyderabad,Rajasthan Royals,M Chinnaswamy Stadium,Heinrich Klaasen,8.64,6.83,0.27,28.91,29.45,0
sample_20201025_0035,2020-10-25,Sunrisers Hyderabad,Rajasthan Royals,M Chinnaswamy Stadium,Nitish Kumar Reddy,8.46,6.04,0.0,0.0,0.0,0
sample_20201025_0035,2020-10-25,Rajasthan Royals,Sunrisers Hyderabad,M Chinnaswamy Stadium,Sanju Samson,39.45,35.34,0.04,19.36,31.79,1
sample_20201025_0035,2020-10-25,Rajasthan Royals,Sunrisers Hyderabad,M Chinnaswamy Stadium,Yashasvi Jaiswal,25.3,19.04,0.71,24.1,31.59,1
sample_20201025_0035,2020-10-25,Rajasthan Royals,Sunrisers Hyderabad,M Chinnaswamy Stadium,Jos Buttler,32.07,20.82,0.25,27.51,27.12,1
sample_20201025_0035,2020-10-25,Rajasthan Royals,Sunrisers Hyderabad,M Chinnaswamy Stadium,Riyan Parag,29.24,22.44,3.0,25.27,43.82,1
sample_20201025_0035,2020-10-25,Rajasthan Royals,Sunrisers Hyderabad,M Chinnaswamy Stadium,Shimron Hetmyer,35.93,39.24,1.02,18.71,38.37,1
sample_20201025_0035,2020-10-25,Rajasthan Royals,Sunrisers Hyderabad,M Chinnaswamy Stadium,Ravichandran Ashwin,16.69,14.33,0.0,0.0,0.0,1
sample_20201026_0036,2020-10-26,Delhi Capitals,Kolkata Knight Riders,M Chinnaswamy Stadium,Rishabh Pant,36.15,25.85,1.14,25.49,48.29,0
sample_20201026_0036,2020-10-26,Delhi Capitals,Kolkata Knight Riders,M Chinnaswamy Stadium,David Warner,48.03,39.71,2.26,29.52,53.42,0
sample_20201026_0036,2020-10-26,Delhi Capitals,Kolkata Knight Riders,M Chinnaswamy Stadium,Prithvi Shaw,22.72,12.64,2.91,22.16,32.19,0
sample_20201026_0036,2020-10-26,Delhi Capitals,Kolkata Knight Riders,M Chinnaswamy Stadium,Jake Fraser-McGurk,26.16,18.75,2.82,28.83,39.44,0
sample_20201026_0036,2020-10-26,Delhi Capitals,Kolkata Knight Riders,M Chinnaswamy Stadium,Tristan Stubbs,6.94,5.7,0.74,32.62,43.75,0
sample_20201026_0036,2020-10-26,Delhi Capitals,Kolkata Knight Riders,M Chinnaswamy Stadium,Axar Patel,56.94,43.52,0.0,0.0,0.0,0
sample_20201026_0036,2020-10-26,Kolkata Knight Riders,Delhi Capitals,M Chinnaswamy Stadium,Shreyas Iyer,51.26,43.59,0.64,27.25,42.65,1
sample_20201026_0036,2020-10-26,Kolkata Knight Riders,Delhi Capitals,M Chinnaswamy Stadium,Sunil Narine,25.82,23.31,1.63,30.27,31.55,1
sample_20201026_0036,2020-10-26,Kolkata Knight Riders,Delhi Capitals,M Chinnaswamy Stadium,Andre Russell,49.23,31.78,0.25,27.79,45.0,1
sample_20201026_0036,2020-10-26,Kolkata Knight Riders,Delhi Capitals,M Chinnaswamy Stadium,Rinku Singh,19.42,16.4,2.74,28.72,39.74,1
sample_20201026_0036,2020-10-26,Kolkata Knight Riders,Delhi Capitals,M Chinnaswamy Stadium,Venkatesh Iyer,1.45,1.0,1.03,36.12,22.85,1
sample_20201026_0036,2020-10-26,Kolkata Knight Riders,Delhi Capitals,M Chinnaswamy Stadium,Phil Salt,47.43,27.01,0.0,0.0,0.0,1
sample_20201027_0037,2020-10-27,Royal Challengers Bengaluru,Kolkata Knight Riders,MA Chidambaram Stadium,Virat Kohli,10.95,7.06,0.81,13.14,35.49,1
sample_20201027_0037,2020-10-27,Royal Challengers Bengaluru,Kolkata Knight Riders,MA Chidambaram Stadium,Faf du Plessis,27.59,15.51,4.73,32.84,32.63,1
sample_20201027_0037,2020-10-27,Royal Challengers Bengaluru,Kolkata Knight Riders,MA Chidambaram Stadium,Glenn Maxwell,13.71,9.99,0.51,19.11,21.16,1
sample_20201027_0037,2020-10-27,Royal Challengers Bengaluru,Kolkata Knight Riders,MA Chidambaram Stadium,Rajat Patidar,67.76,58.68,1.14,18.05,40.48,1
sample_20201027_0037,2020-10-27,Royal Challengers Bengaluru,Kolkata Knight Riders,MA Chidambaram Stadium,Cameron Green,39.52,39.9,0.76,26.76,40.74,1
sample_20201027_0037,2020-10-27,Royal Challengers Bengaluru,Kolkata Knight Riders,MA Chidambaram Stadium,Dinesh Karthik,9.12,8.49,0.0,0.0,0.0,1
sample_20201027_0037,2020-10-27,Kolkata Knight Riders,Royal Challengers Bengaluru,MA Chidambaram Stadium,Shreyas Iyer,28.71,25.99,1.34,32.47,23.12,0
sample_20201027_0037,2020-10-27,Kolkata Knight Riders,Royal Challengers Bengaluru,MA Chidambaram Stadium,Sunil Narine,9.24,8.71,1.76,18.62,14.07,0
sample_20201027_0037,2020-10-27,Kolkata Knight Riders,Royal Challengers Bengaluru,MA Chidambaram Stadium,Andre Russell,2.66,2.92,1.85,16.01,7.32,0
sample_20201027_0037,2020-10-27,Kolkata Knight Riders,Royal Challengers Bengaluru,MA Chidambaram Stadium,Rinku Singh,38.95,28.21,0.06,21.65,5.43,0
sample_20201027_0037,2020-10-27,Kolkata Knight Riders,Royal Challengers Bengaluru,MA Chidambaram Stadium,Venkatesh Iyer,19.0,16.57,1.26,29.58,16.29,0
sample_20201027_0037,2020-10-27,Kolkata Knight Riders,Royal Challengers Bengaluru,MA Chidambaram Stadium,Phil Salt,32.83,18.48,0.0,0.0,0.0,0
sample_20201028_0038,2020-10-28,Lucknow Super Giants,Rajasthan Royals,Arun Jaitley Stadium,KL Rahul,12.56,12.66,2.94,22.02,29.46,1
sample_20201028_0038,2020-10-28,Lucknow Super Giants,Rajasthan Royals,Arun Jaitley Stadium,Quinton de Kock,49.14,53.94,0.79,27.53,30.72,1
sample_20201028_0038,2020-10-28,Lucknow Super Giants,Rajasthan Royals,Arun Jaitley Stadium,Nicholas Pooran,38.14,32.99,1.43,32.68,30.04,1
sample_20201028_0038,2020-10-28,Lucknow Super Giants,Rajasthan Royals,Arun Jaitley Stadium,Marcus Stoinis,40.24,30.24,1.86,25.75,55.53,1
sample_20201028_0038,2020-10-28,Lucknow Super Giants,Rajasthan Royals,Arun Jaitley Stadium,Deepak Hooda,15.62,12.95,1.15,31.72,23.33,1
sample_20201028_0038,2020-10-28,Lucknow Super Giants,Rajasthan Royals,Arun Jaitley Stadium,Krunal Pandya,6.07,3.43,0.0,0.0,0.0,1
sample_20201028_0038,2020-10-28,Rajasthan Royals,Lucknow Super Giants,Arun Jaitley Stadium,Sanju Samson,80.27,71.21,0.18,20.07,38.31,0
sample_20201028_0038,2020-10-28,Rajasthan Royals,Lucknow Super Giants,Arun Jaitley Stadium,Yashasvi Jaiswal,25.35,15.13,0.75,26.91,29.0,0
sample_20201028_0038,2020-10-28,Rajasthan Royals,Lucknow Super Giants,Arun Jaitley Stadium,Jos Buttler,18.97,18.92,1.97,27.05,13.67,0
sample_20201028_0038,2020-10-28,Rajasthan Royals,Lucknow Super Giants,Arun Jaitley Stadium,Riyan Parag,20.03,20.89,0.57,22.67,41.36,0
sample_20201028_0038,2020-10-28,Rajasthan Royals,Lucknow Super Giants,Arun Jaitley Stadium,Shimron Hetmyer,2.77,2.06,1.77,24.85,13.84,0
sample_20201028_0038,2020-10-28,Rajasthan Royals,Lucknow Super Giants,Arun Jaitley Stadium,Ravichandran Ashwin,13.83,9.75,0.0,0.0,0.0,0
sample_20201029_0039,2020-10-29,Mumbai Indians,Royal Challengers Bengaluru,MA Chidambaram Stadium,Rohit Sharma,34.41,19.17,0.79,26.4,0.0,0
sample_20201029_0039,2020-10-29,Mumbai Indians,Royal Challengers Bengaluru,MA Chidambaram Stadium,Ishan Kishan,30.14,29.94,0.14,23.7,30.47,0
sample_20201029_0039,2020-10-29,Mumbai Indians,Royal Challengers Bengaluru,MA Chidambaram Stadium,Suryakumar Yadav,8.4,5.29,1.4,23.15,24.08,0
sample_20201029_0039,2020-10-29,Mumbai Indians,Royal Challengers Bengaluru,MA Chidambaram Stadium,Hardik Pandya,22.12,15.3,0.13,30.24,12.54,0
sample_20201029_0039,2020-10-29,Mumbai Indians,Royal Challengers Bengaluru,MA Chidambaram Stadium,Tilak Varma,16.49,10.23,1.55,13.59,25.2,0
sample_20201029_0039,2020-10-29,Mumbai Indians,Royal Challengers Bengaluru,MA Chidambaram Stadium,Tim David,6.02,5.46,0.0,0.0,0.0,0
sample_20201029_0039,2020-10-29,Royal Challengers Bengaluru,Mumbai Indians,MA Chidambaram Stadium,Virat Kohli,27.31,19.93,1.82,18.88,33.48,1
sample_20201029_0039,2020-10-29,Royal Challengers Bengaluru,Mumbai Indians,MA Chidambaram Stadium,Faf du Plessis,14.95,11.45,1.2,30.12,38.6,1
sample_20201029_0039,2020-10-29,Royal Challengers Bengaluru,Mumbai Indians,MA Chidambaram Stadium,Glenn Maxwell,11.91,9.17,0.1,23.0,34.5,1
sample_20201029_0039,2020-10-29,Royal Challengers Bengaluru,Mumbai Indians,MA Chidambaram Stadium,Rajat Patidar,12.41,7.41,1.84,14.29,28.14,1
sample_20201029_0039,2020-10-29,Royal Challengers Bengaluru,Mumbai Indians,MA Chidambaram Stadium,Cameron Green,13.88,7.75,0.3,27.83,30.32,1
sample_20201029_0039,2020-10-29,Royal Challengers Bengaluru,Mumbai Indians,MA Chidambaram Stadium,Dinesh Karthik,74.12,63.09,0.0,0.0,0.0,1
sample_20201030_0040,2020-10-30,Gujarat Titans,Mumbai Indians,Narendra Modi Stadium,Shubman Gill,35.07,23.98,0.66,21.22,36.45,1
sample_20201030_0040,2020-10-30,Gujarat Titans,Mumbai Indians,Narendra Modi Stadium,Wriddhiman Saha,31.37,27.56,2.33,20.03,36.81,1
sample_20201030_0040,2020-10-30,Gujarat Titans,Mumbai Indians,Narendra Modi Stadium,Sai Sudharsan,60.45,62.12,0.9,24.57,31.91,1
sample_20201030_0040,2020-10-30,Gujarat Titans,Mumbai Indians,Narendra Modi Stadium,David Miller,3.27,2.93,1.99,21.3,46.6,1
sample_20201030_0040,2020-10-30,Gujarat Titans,Mumbai Indians,Narendra Modi Stadium,Rahul Tewatia,24.45,17.51,2.45,20.9,42.8,1
sample_20201030_0040,2020-10-30,Gujarat Titans,Mumbai Indians,Narendra Modi Stadium,Rashid Khan,17.18,16.51,0.0,0.0,0.0,1
sample_20201030_0040,2020-10-30,Mumbai Indians,Gujarat Titans,Narendra Modi Stadium,Rohit Sharma,36.85,29.07,0.65,15.74,23.26,0
sample_20201030_0040,2020-10-30,Mumbai Indians,Gujarat Titans,Narendra Modi Stadium,Ishan Kishan,38.98,25.64,0.21,20.8,29.67,0
sample_20201030_0040,2020-10-30,Mumbai Indians,Gujarat Titans,Narendra Modi Stadium,Suryakumar Yadav,0.36,1.0,1.37,28.68,37.13,0
sample_20201030_0040,2020-10-30,Mumbai Indians,Gujarat Titans,Narendra Modi Stadium,Hardik Pandya,10.94,11.77,0.0,25.79,36.36,0
sample_20201030_0040,2020-10-30,Mumbai Indians,Gujarat Titans,Narendra Modi Stadium,Tilak Varma,47.97,41.38,0.28,23.3,48.02,0
sample_20201030_0040,2020-10-30,Mumbai Indians,Gujarat Titans,Narendra Modi Stadium,Tim David,8.58,7.44,0.0,0.0,0.0,0
sample_20201031_0041,2020-10-31,Punjab Kings,Chennai Super Kings,Arun Jaitley Stadium,Shikhar Dhawan,58.99,36.66,1.33,28.72,51.16,1
sample_20201031_0041,2020-10-31,Punjab Kings,Chennai Super Kings,Arun Jaitley Stadium,Jonny Bairstow,19.56,13.37,0.44,32.21,43.83,1
sample_20201031_0041,2020-10-31,Punjab Kings,Chennai Super Kings,Arun Jaitley Stadium,Liam Livingstone,9.82,6.57,2.03,23.63,42.66,1
sample_20201031_0041,2020-10-31,Punjab Kings,Chennai Super Kings,Arun Jaitley Stadium,Sam Curran,73.28,42.11,0.0,15.19,47.73,1
sample_20201031_0041,2020-10-31,Punjab Kings,Chennai Super Kings,Arun Jaitley Stadium,Jitesh Sharma,16.12,12.57,2.62,17.48,28.83,1
sample_20201031_0041,2020-10-31,Punjab Kings,Chennai Super Kings,Arun Jaitley Stadium,Shashank Singh,20.61,14.82,0.0,0.0,0.0,1
sample_20201031_0041,2020-10-31,Chennai Super Kings,Punjab Kings,Arun Jaitley Stadium,Ruturaj Gaikwad,90.94,61.33,0.46,25.83,47.94,0
sample_20201031_0041,2020-10-31,Chennai Super Kings,Punjab Kings,Arun Jaitley Stadium,Devon Conway,46.28,26.94,0.38,23.99,42.03,0
sample_20201031_0041,2020-10-31,Chennai Super Kings,Punjab Kings,Arun Jaitley Stadium,Ajinkya Rahane,15.48,9.42,1.52,21.62,35.68,0
sample_20201031_0041,2020-10-31,Chennai Super Kings,Punjab Kings,Arun Jaitley Stadium,Shivam Dube,16.57,17.18,1.01,23.44,32.37,0
sample_20201031_0041,2020-10-31,Chennai Super Kings,Punjab Kings,Arun Jaitley Stadium,Ravindra Jadeja,18.42,17.55,4.9,29.87,39.79,0
sample_20201031_0041,2020-10-31,Chennai Super Kings,Punjab Kings,Arun Jaitley Stadium,MS Dhoni,0.0,1.0,0.0,0.0,0.0,0
sample_20201101_0042,2020-11-01,Gujarat Titans,Rajasthan Royals,Eden Gardens,Shubman Gill,43.82,28.84,1.38,34.99,28.6,1
sample_20201101_0042,2020-11-01,Gujarat Titans,Rajasthan Royals,Eden Gardens,Wriddhiman Saha,17.79,11.63,0.66,25.35,26.07,1
sample_20201101_0042,2020-11-01,Gujarat Titans,Rajasthan Royals,Eden Gardens,Sai Sudharsan,65.69,37.57,0.55,29.39,46.81,1
sample_20201101_0042,2020-11-01,Gujarat Titans,Rajasthan Royals,Eden Gardens,David Miller,18.16,13.45,0.55,22.13,31.34,1
sample_20201101_0042,2020-11-01,Gujarat Titans,Rajasthan Royals,Eden Gardens,Rahul Tewatia,49.57,36.87,0.86,30.34,31.25,1
sample_20201101_0042,2020-11-01,Gujarat Titans,Rajasthan Royals,Eden Gardens,Rashid Khan,1.45,1.49,0.0,0.0,0.0,1
sample_20201101_0042,2020-11-01,Rajasthan Royals,Gujarat Titans,Eden Gardens,Sanju Samson,37.19,39.74,0.59,31.02,24.5,0
sample_20201101_0042,2020-11-01,Rajasthan Royals,Gujarat Titans,Eden Gardens,Yashasvi Jaiswal,8.27,6.42,0.84,8.9,14.92,0
sample_20201101_0042,2020-11-01,Rajasthan Royals,Gujarat Titans,Eden Gardens,Jos Buttler,56.54,47.51,3.18,24.68,38.04,0
sample_20201101_0042,2020-11-01,Rajasthan Royals,Gujarat Titans,Eden Gardens,Riyan Parag,79.54,70.69,0.0,23.84,39.24,0
sample_20201101_0042,2020-11-01,Rajasthan Royals,Gujarat Titans,Eden Gardens,Shimron Hetmyer,3.75,3.81,0.34,14.4,50.3,0
sample_20201101_0042,2020-11-01,Rajasthan Royals,Gujarat Titans,Eden Gardens,Ravichandran Ashwin,0.0,1.0,0.0,0.0,0.0,0
sample_20201102_0043,2020-11-02,Gujarat Titans,Mumbai Indians,Arun Jaitley Stadium,Shubman Gill,21.87,13.78,0.99,16.07,32.93,0
sample_20201102_0043,2020-11-02,Gujarat Titans,Mumbai Indians,Arun Jaitley Stadium,Wriddhiman Saha,36.94,34.93,2.12,25.33,51.24,0
sample_20201102_0043,2020-11-02,Gujarat Titans,Mumbai Indians,Arun Jaitley Stadium,Sai Sudharsan,22.84,16.71,1.17,23.65,61.3,0
sample_20201102_0043,2020-11-02,Gujarat Titans,Mumbai Indians,Arun Jaitley Stadium,David Miller,61.39,47.3,4.1,16.74,60.71,0
sample_20201102_0043,2020-11-02,Gujarat Titans,Mumbai Indians,Arun Jaitley Stadium,Rahul Tewatia,42.62,37.05,0.33,31.49,44.28,0
sample_20201102_0043,2020-11-02,Gujarat Titans,Mumbai Indians,Arun Jaitley Stadium,Rashid Khan,13.17,7.33,0.0,0.0,0.0,0
sample_20201102_0043,2020-11-02,Mumbai Indians,Gujarat Titans,Arun Jaitley Stadium,Rohit Sharma,96.99,75.05,0.22,20.21,48.57,1
sample_20201102_0043,2020-11-02,Mumbai Indians,Gujarat Titans,Arun Jaitley Stadium,Ishan Kishan,30.77,18.84,0.0,16.65,53.01,1
sample_20201102_0043,2020-11-02,Mumbai Indians,Gujarat Titans,Arun Jaitley Stadium,Suryakumar Yadav,18.59,10.49,2.42,22.98,38.13,1
sample_20201102_0043,2020-11-02,Mumbai Indians,Gujarat Titans,Arun Jaitley Stadium,Hardik Pandya,39.73,30.03,0.7,18.95,40.73,1
sample_20201102_0043,2020-11-02,Mumbai Indians,Gujarat Titans,Arun Jaitley Stadium,Tilak Varma,3.75,2.96,1.61,16.62,41.57,1
sample_20201102_0043,2020-11-02,Mumbai Indians,Gujarat Titans,Arun Jaitley Stadium,Tim David,14.16,11.91,0.0,0.0,0.0,1
sample_20201103_0044,2020-11-03,Chennai Super Kings,Royal Challengers Bengaluru,M Chinnaswamy Stadium,Ruturaj Gaikwad,30.01,25.88,0.02,23.55,31.89,1
sample_20201103_0044,2020-11-03,Chennai Super Kings,Royal Challengers Bengaluru,M Chinnaswamy Stadium,Devon Conway,28.86,16.48,0.07,21.15,29.68,1
sample_20201103_0044,2020-11-03,Chennai Super Kings,Royal Challengers Bengaluru,M Chinnaswamy Stadium,Ajinkya Rahane,8.01,4.91,1.97,25.2,61.12,1
sample_20201103_0044,2020-11-03,Chennai Super Kings,Royal Challengers Bengaluru,M Chinnaswamy Stadium,Shivam Dube,30.77,22.06,0.99,24.02,38.96,1
sample_20201103_0044,2020-11-03,Chennai Super Kings,Royal Challengers Bengaluru,M Chinnaswamy Stadium,Ravindra Jadeja,50.67,38.7,3.43,18.93,44.99,1
sample_20201103_0044,2020-11-03,Chennai Super Kings,Royal Challengers Bengaluru,M Chinnaswamy Stadium,MS Dhoni,27.39,23.15,0.0,0.0,0.0,1
sample_20201103_0044,2020-11-03,Royal Challengers Bengaluru,Chennai Super Kings,M Chinnaswamy Stadium,Virat Kohli,24.26,20.37,4.07,28.44,21.78,0
sample_20201103_0044,2020-11-03,Royal Challengers Bengaluru,Chennai Super Kings,M Chinnaswamy Stadium,Faf du Plessis,13.71,7.73,0.12,29.82,45.78,0
sample_20201103_0044,2020-11-03,Royal Challengers Bengaluru,Chennai Super Kings,M Chinnaswamy Stadium,Glenn Maxwell,19.54,15.46,0.96,19.3,51.66,0
sample_20201103_0044,2020-11-03,Royal Challengers Bengaluru,Chennai Super Kings,M Chinnaswamy Stadium,Rajat Patidar,16.81,12.33,1.11,20.06,53.53,0
sample_20201103_0044,2020-11-03,Royal Challengers Bengaluru,Chennai Super Kings,M Chinnaswamy Stadium,Cameron Green,2.39,1.34,0.01,20.87,41.21,0
sample_20201103_0044,2020-11-03,Royal Challengers Bengaluru,Chennai Super Kings,M Chinnaswamy Stadium,Dinesh Karthik,83.96,56.28,0.0,0.0,0.0,0
sample_20201104_0045,2020-11-04,Lucknow Super Giants,Punjab Kings,Eden Gardens,KL Rahul,10.92,7.99,0.44,27.28,36.63,1
sample_20201104_0045,2020-11-04,Lucknow Super Giants,Punjab Kings,Eden Gardens,Quinton de Kock,2.36,1.62,0.04,26.48,26.94,1
sample_20201104_0045,2020-11-04,Lucknow Super Giants,Punjab Kings,Eden Gardens,Nicholas Pooran,90.5,67.1,0.6,19.98,34.72,1
sample_20201104_0045,2020-11-04,Lucknow Super Giants,Punjab Kings,Eden Gardens,Marcus Stoinis,29.46,22.7,1.36,17.25,46.86,1
sample_20201104_0045,2020-11-04,Lucknow Super Giants,Punjab Kings,Eden Gardens,Deepak Hooda,6.84,7.23,1.96,35.83,32.31,1
sample_20201104_0045,2020-11-04,Lucknow Super Giants,Punjab Kings,Eden Gardens,Krunal Pandya,49.25,43.19,0.0,0.0,0.0,1
sample_20201104_0045,2020-11-04,Punjab Kings,Lucknow Super Giants,Eden Gardens,Shikhar Dhawan,0.0,1.0,4.11,22.42,19.43,0
sample_20201104_0045,2020-11-04,Punjab Kings,Lucknow Super Giants,Eden Gardens,Jonny Bairstow,14.96,12.91,0.61,27.28,39.55,0
sample_20201104_0045,2020-11-04,Punjab Kings,Lucknow Super Giants,Eden Gardens,Liam Livingstone,9.93,5.86,0.0,26.04,25.24,0
sample_20201104_0045,2020-11-04,Punjab Kings,Lucknow Super Giants,Eden Gardens,Sam Curran,29.63,22.17,2.91,16.87,44.64,0
sample_20201104_0045,2020-11-04,Punjab Kings,Lucknow Super Giants,Eden Gardens,Jitesh Sharma,94.29,101.83,1.14,24.24,41.77,0
sample_20201104_0045,2020-11-04,Punjab Kings,Lucknow Super Giants,Eden Gardens,Shashank Singh,13.59,9.27,0.0,0.0,0.0,0
sample_20201105_0046,2020-11-05,Kolkata Knight Riders,Royal Challengers Bengaluru,M Chinnaswamy Stadium,Shreyas Iyer,3.82,3.88,0.03,23.31,48.59,1
sample_20201105_0046,2020-11-05,Kolkata Knight Riders,Royal Challengers Bengaluru,M Chinnaswamy Stadium,Sunil Narine,50.76,28.31,1.4,30.15,33.82,1
sample_20201105_0046,2020-11-05,Kolkata Knight Riders,Royal Challengers Bengaluru,M Chinnaswamy Stadium,Andre Russell,38.64,22.44,4.4,22.16,49.04,1
sample_20201105_0046,2020-11-05,Kolkata Knight Riders,Royal Challengers Bengaluru,M Chinnaswamy Stadium,Rinku Singh,3.83,2.91,0.33,26.88,41.2,1
sample_20201105_0046,2020-11-05,Kolkata Knight Riders,Royal Challengers Bengaluru,M Chinnaswamy Stadium,Venkatesh Iyer,21.98,21.85,0.5,24.25,37.38,1
sample_20201105_0046,2020-11-05,Kolkata Knight Riders,Royal Challengers Bengaluru,M Chinnaswamy Stadium,Phil Salt,72.44,43.93,0.0,0.0,0.0,1
sample_20201105_0046,2020-11-05,Royal Challengers Bengaluru,Kolkata Knight Riders,M Chinnaswamy Stadium,Virat Kohli,0.0,1.0,0.63,27.69,22.87,0
sample_20201105_0046,2020-11-05,Royal Challengers Bengaluru,Kolkata Knight Riders,M Chinnaswamy Stadium,Faf du Plessis,8.28,5.36,1.37,17.55,46.1,0
sample_20201105_0046,2020-11-05,Royal Challengers Bengaluru,Kolkata Knight Riders,M Chinnaswamy Stadium,Glenn Maxwell,49.98,36.81,0.74,30.58,44.81,0
sample_20201105_0046,2020-11-05,Royal Challengers Bengaluru,Kolkata Knight Riders,M Chinnaswamy Stadium,Rajat Patidar,81.22,70.87,0.0,30.68,28.87,0
sample_20201105_0046,2020-11-05,Royal Challengers Bengaluru,Kolkata Knight Riders,M Chinnaswamy Stadium,Cameron Green,24.06,14.57,2.91,26.91,40.77,0
sample_20201105_0046,2020-11-05,Royal Challengers Bengaluru,Kolkata Knight Riders,M Chinnaswamy Stadium,Dinesh Karthik,17.95,10.07,0.0,0.0,0.0,0
sample_20201106_0047,2020-11-06,Kolkata Knight Riders,Punjab Kings,Narendra Modi Stadium,Shreyas Iyer,54.23,50.61,0.37,26.37,11.11,1
sample_20201106_0047,2020-11-06,Kolkata Knight Riders,Punjab Kings,Narendra Modi Stadium,Sunil Narine,80.25,55.75,0.82,19.09,49.41,1
sample_20201106_0047,2020-11-06,Kolkata Knight Riders,Punjab Kings,Narendra Modi Stadium,Andre Russell,17.42,11.08,3.58,21.74,19.43,1
sample_20201106_0047,2020-11-06,Kolkata Knight Riders,Punjab Kings,Narendra Modi Stadium,Rinku Singh,0.0,1.0,0.88,11.34,30.94,1
sample_20201106_0047,2020-11-06,Kolkata Knight Riders,Punjab Kings,Narendra Modi Stadium,Venkatesh Iyer,12.58,13.06,1.87,28.61,33.03,1
sample_20201106_0047,2020-11-06,Kolkata Knight Riders,Punjab Kings,Narendra Modi Stadium,Phil Salt,36.67,22.99,0.0,0.0,0.0,1
sample_20201106_0047,2020-11-06,Punjab Kings,Kolkata Knight Riders,Narendra Modi Stadium,Shikhar Dhawan,5.91,3.54,1.28,24.91,41.1,0
sample_20201106_0047,2020-11-06,Punjab Kings,Kolkata Knight Riders,Narendra Modi Stadium,Jonny Bairstow,25.91,21.49,0.54,29.86,66.49,0
sample_20201106_0047,2020-11-06,Punjab Kings,Kolkata Knight Riders,Narendra Modi Stadium,Liam Livingstone,26.78,16.64,0.3,28.22,25.51,0
sample_20201106_0047,2020-11-06,Punjab Kings,Kolkata Knight Riders,Narendra Modi Stadium,Sam Curran,15.27,13.39,3.97,27.89,33.86,0
sample_20201106_0047,2020-11-06,Punjab Kings,Kolkata Knight Riders,Narendra Modi Stadium,Jitesh Sharma,19.8,21.94,0.39,29.18,33.98,0
sample_20201106_0047,2020-11-06,Punjab Kings,Kolkata Knight Riders,Narendra Modi Stadium,Shashank Singh,90.5,58.26,0.0,0.0,0.0,0
sample_20201107_0048,2020-11-07,Gujarat Titans,Punjab Kings,MA Chidambaram Stadium,Shubman Gill,3.43,2.83,2.68,22.52,38.48,1
sample_20201107_0048,2020-11-07,Gujarat Titans,Punjab Kings,MA Chidambaram Stadium,Wriddhiman Saha,7.27,5.2,0.0,21.91,41.24,1
sample_20201107_0048,2020-11-07,Gujarat Titans,Punjab Kings,MA Chidambaram Stadium,Sai Sudharsan,15.07,10.85,0.91,15.19,31.28,1
sample_20201107_0048,2020-11-07,Gujarat Titans,Punjab Kings,MA Chidambaram Stadium,David Miller,48.75,37.22,0.65,27.24,24.43,1
sample_20201107_0048,2020-11-07,Gujarat Titans,Punjab Kings,MA Chidambaram Stadium,Rahul Tewatia,47.68,40.08,3.0,28.95,25.54,1
sample_20201107_0048,2020-11-07,Gujarat Titans,Punjab Kings,MA Chidambaram Stadium,Rashid Khan,48.36,45.21,0.0,0.0,0.0,1
sample_20201107_0048,2020-11-07,Punjab Kings,Gujarat Titans,MA Chidambaram Stadium,Shikhar Dhawan,1.48,1.0,0.35,24.75,29.65,0
sample_20201107_0048,2020-11-07,Punjab Kings,Gujarat Titans,MA Chidambaram Stadium,Jonny Bairstow,4.68,3.31,0.0,20.5,32.12,0
sample_20201107_0048,2020-11-07,Punjab Kings,Gujarat Titans,MA Chidambaram Stadium,Liam Livingstone,19.97,17.99,0.29,22.32,22.55,0
sample_20201107_0048,2020-11-07,Punjab Kings,Gujarat Titans,MA Chidambaram Stadium,Sam Curran,78.69,49.24,0.51,25.95,50.98,0
sample_20201107_0048,2020-11-07,Punjab Kings,Gujarat Titans,MA Chidambaram Stadium,Jitesh Sharma,0.0,1.0,2.04,26.56,31.97,0
sample_20201107_0048,2020-11-07,Punjab Kings,Gujarat Titans,MA Chidambaram Stadium,Shashank Singh,42.91,27.33,0.0,0.0,0.0,0
sample_20201108_0049,2020-11-08,Delhi Capitals,Gujarat Titans,Arun Jaitley Stadium,Rishabh Pant,8.89,5.03,0.89,28.26,41.31,0
sample_20201108_0049,2020-11-08,Delhi Capitals,Gujarat Titans,Arun Jaitley Stadium,David Warner,15.17,14.97,0.51,10.83,4.38,0
sample_20201108_0049,2020-11-08,Delhi Capitals,Gujarat Titans,Arun Jaitley Stadium,Prithvi Shaw,11.47,6.48,0.5,17.36,25.26,0
sample_20201108_0049,2020-11-08,Delhi Capitals,Gujarat Titans,Arun Jaitley Stadium,Jake Fraser-McGurk,19.67,16.41,0.64,24.82,36.88,0
sample_20201108_0049,2020-11-08,Delhi Capitals,Gujarat Titans,Arun Jaitley Stadium,Tristan Stubbs,34.65,34.99,1.21,30.39,14.82,0
sample_20201108_0049,2020-11-08,Delhi Capitals,Gujarat Titans,Arun Jaitley Stadium,Axar Patel,41.33,24.89,0.0,0.0,0.0,0
sample_20201108_0049,2020-11-08,Gujarat Titans,Delhi Capitals,Arun Jaitley Stadium,Shubman Gill,24.99,25.25,1.8,22.3,49.45,1
sample_20201108_0049,2020-11-08,Gujarat Titans,Delhi Capitals,Arun Jaitley Stadium,Wriddhiman Saha,22.43,13.05,1.19,24.38,26.47,1
sample_20201108_0049,2020-11-08,Gujarat Titans,Delhi Capitals,Arun Jaitley Stadium,Sai Sudharsan,16.19,17.72,1.35,21.47,39.99,1
sample_20201108_0049,2020-11-08,Gujarat Titans,Delhi Capitals,Arun Jaitley Stadium,David Miller,39.72,38.58,0.42,14.51,37.24,1
sample_20201108_0049,2020-11-08,Gujarat Titans,Delhi Capitals,Arun Jaitley Stadium,Rahul Tewatia,33.09,19.65,0.39,32.77,21.74,1
sample_20201108_0049,2020-11-08,Gujarat Titans,Delhi Capitals,Arun Jaitley Stadium,Rashid Khan,30.87,17.41,0.0,0.0,0.0,1
sample_20201109_0050,2020-11-09,Chennai Super Kings,Punjab Kings,M Chinnaswamy Stadium,Ruturaj Gaikwad,1.64,1.1,0.78,11.17,29.77,1
sample_20201109_0050,2020-11-09,Chennai Super Kings,Punjab Kings,M Chinnaswamy Stadium,Devon Conway,21.86,13.12,0.48,21.01,40.89,1
sample_20201109_0050,2020-11-09,Chennai Super Kings,Punjab Kings,M Chinnaswamy Stadium,Ajinkya Rahane,15.02,9.01,1.1,29.25,42.81,1
sample_20201109_0050,2020-11-09,Chennai Super Kings,Punjab Kings,M Chinnaswamy Stadium,Shivam Dube,51.2,30.6,0.23,24.54,29.63,1
sample_20201109_0050,2020-11-09,Chennai Super Kings,Punjab Kings,M Chinnaswamy Stadium,Ravindra Jadeja,48.24,38.84,1.8,22.31,34.41,1
sample_20201109_0050,2020-11-09,Chennai Super Kings,Punjab Kings,M Chinnaswamy Stadium,MS Dhoni,29.11,24.56,0.0,0.0,0.0,1
sample_20201109_0050,2020-11-09,Punjab Kings,Chennai Super Kings,M Chinnaswamy Stadium,Shikhar Dhawan,11.97,7.74,1.95,27.28,21.43,0
sample_20201109_0050,2020-11-09,Punjab Kings,Chennai Super Kings,M Chinnaswamy Stadium,Jonny Bairstow,50.87,32.12,0.46,20.25,42.56,0
sample_20201109_0050,2020-11-09,Punjab Kings,Chennai Super Kings,M Chinnaswamy Stadium,Liam Livingstone,2.68,1.59,4.36,26.68,31.2,0
sample_20201109_0050,2020-11-09,Punjab Kings,Chennai Super Kings,M Chinnaswamy Stadium,Sam Curran,23.76,25.49,0.29,19.64,32.2,0
sample_20201109_0050,2020-11-09,Punjab Kings,Chennai Super Kings,M Chinnaswamy Stadium,Jitesh Sharma,11.82,12.3,0.29,18.48,47.48,0
sample_20201109_0050,2020-11-09,Punjab Kings,Chennai Super Kings,M Chinnaswamy Stadium,Shashank Singh,60.98,41.54,0.0,0.0,0.0,0
sample_20201110_0051,2020-11-10,Rajasthan Royals,Kolkata Knight Riders,Arun Jaitley Stadium,Sanju Samson,60.48,33.97,0.64,20.11,46.45,1
sample_20201110_0051,2020-11-10,Rajasthan Royals,Kolkata Knight Riders,Arun Jaitley Stadium,Yashasvi Jaiswal,6.84,4.32,0.28,27.41,22.97,1
sample_20201110_0051,2020-11-10,Rajasthan Royals,Kolkata Knight Riders,Arun Jaitley Stadium,Jos Buttler,24.9,16.24,1.87,13.78,39.67,1
sample_20201110_0051,2020-11-10,Rajasthan Royals,Kolkata Knight Riders,Arun Jaitley Stadium,Riyan Parag,42.08,42.48,1.26,26.46,36.21,1
sample_20201110_0051,2020-11-10,Rajasthan Royals,Kolkata Knight Riders,Arun Jaitley Stadium,Shimron Hetmyer,3.04,2.9,2.11,24.68,17.84,1
sample_20201110_0051,2020-11-10,Rajasthan Royals,Kolkata Knight Riders,Arun Jaitley Stadium,Ravichandran Ashwin,10.74,9.19,0.0,0.0,0.0,1
sample_20201110_0051,2020-11-10,Kolkata Knight Riders,Rajasthan Royals,Arun Jaitley Stadium,Shreyas Iyer,21.25,22.94,0.0,26.04,28.06,0
sample_20201110_0051,2020-11-10,Kolkata Knight Riders,Rajasthan Royals,Arun Jaitley Stadium,Sunil Narine,56.18,47.13,0.0,27.87,46.75,0
sample_20201110_0051,2020-11-10,Kolkata Knight Riders,Rajasthan Royals,Arun Jaitley Stadium,Andre Russell,18.98,19.97,0.75,25.85,46.52,0
sample_20201110_0051,2020-11-10,Kolkata Knight Riders,Rajasthan Royals,Arun Jaitley Stadium,Rinku Singh,1.35,1.1,1.49,19.2,20.73,0
sample_20201110_0051,2020-11-10,Kolkata Knight Riders,Rajasthan Royals,Arun Jaitley Stadium,Venkatesh Iyer,17.2,13.36,3.65,34.81,30.68,0
sample_20201110_0051,2020-11-10,Kolkata Knight Riders,Rajasthan Royals,Arun Jaitley Stadium,Phil Salt,10.35,9.24,0.0,0.0,0.0,0
sample_20201111_0052,2020-11-11,Delhi Capitals,Royal Challengers Bengaluru,MA Chidambaram Stadium,Rishabh Pant,4.26,2.94,0.63,21.22,17.67,1
sample_20201111_0052,2020-11-11,Delhi Capitals,Royal Challengers Bengaluru,MA Chidambaram Stadium,David Warner,22.55,18.12,0.53,19.79,39.68,1
sample_20201111_0052,2020-11-11,Delhi Capitals,Royal Challengers Bengaluru,MA Chidambaram Stadium,Prithvi Shaw,63.89,42.18,2.99,20.23,27.37,1
sample_20201111_0052,2020-11-11,Delhi Capitals,Royal Challengers Bengaluru,MA Chidambaram Stadium,Jake Fraser-McGurk,85.11,63.15,3.04,36.13,36.66,1
sample_20201111_0052,2020-11-11,Delhi Capitals,Royal Challengers Bengaluru,MA Chidambaram Stadium,Tristan Stubbs,1.58,1.11,2.44,27.78,43.47,1
sample_20201111_0052,2020-11-11,Delhi Capitals,Royal Challengers Bengaluru,MA Chidambaram Stadium,Axar Patel,8.2,7.39,0.0,0.0,0.0,1
sample_20201111_0052,2020-11-11,Royal Challengers Bengaluru,Delhi Capitals,MA Chidambaram Stadium,Virat Kohli,2.64,1.79,1.15,15.14,44.63,0
sample_20201111_0052,2020-11-11,Royal Challengers Bengaluru,Delhi Capitals,MA Chidambaram Stadium,Faf du Plessis,13.97,10.64,1.77,24.31,44.7,0
sample_20201111_0052,2020-11-11,Royal Challengers Bengaluru,Delhi Capitals,MA Chidambaram Stadium,Glenn Maxwell,39.95,26.63,0.8,28.31,36.63,0
sample_20201111_0052,2020-11-11,Royal Challengers Bengaluru,Delhi Capitals,MA Chidambaram Stadium,Rajat Patidar,36.93,21.61,1.26,35.49,21.33,0
sample_20201111_0052,2020-11-11,Royal Challengers Bengaluru,Delhi Capitals,MA Chidambaram Stadium,Cameron Green,27.47,20.83,0.55,26.41,26.11,0
sample_20201111_0052,2020-11-11,Royal Challengers Bengaluru,Delhi Capitals,MA Chidambaram Stadium,Dinesh Karthik,30.58,26.39,0.0,0.0,0.0,0
sample_20201112_0053,2020-11-12,Lucknow Super Giants,Royal Challengers Bengaluru,Wankhede Stadium,KL Rahul,19.64,10.98,0.18,21.31,20.5,1
sample_20201112_0053,2020-11-12,Lucknow Super Giants,Royal Challengers Bengaluru,Wankhede Stadium,Quinton de Kock,4.18,3.58,0.0,26.56,57.26,1
sample_20201112_0053,2020-11-12,Lucknow Super Giants,Royal Challengers Bengaluru,Wankhede Stadium,Nicholas Pooran,11.33,6.41,0.79,23.49,11.61,1
sample_20201112_0053,2020-11-12,Lucknow Super Giants,Royal Challengers Bengaluru,Wankhede Stadium,Marcus Stoinis,1.73,1.14,1.57,19.26,24.01,1
sample_20201112_0053,2020-11-12,Lucknow Super Giants,Royal Challengers Bengaluru,Wankhede Stadium,Deepak Hooda,118.42,90.31,0.76,16.64,30.5,1
sample_20201112_0053,2020-11-12,Lucknow Super Giants,Royal Challengers Bengaluru,Wankhede Stadium,Krunal Pandya,0.0,1.0,0.0,0.0,0.0,1
sample_20201112_0053,2020-11-12,Royal Challengers Bengaluru,Lucknow Super Giants,Wankhede Stadium,Virat Kohli,35.9,19.95,0.29,18.84,34.89,0
sample_20201112_0053,2020-11-12,Royal Challengers Bengaluru,Lucknow Super Giants,Wankhede Stadium,Faf du Plessis,12.19,7.31,2.09,25.69,27.66,0
sample_20201112_0053,2020-11-12,Royal Challengers Bengaluru,Lucknow Super Giants,Wankhede Stadium,Glenn Maxwell,25.55,25.65,2.28,29.47,26.19,0
sample_20201112_0053,2020-11-12,Royal Challengers Bengaluru,Lucknow Super Giants,Wankhede Stadium,Rajat Patidar,7.86,6.33,1.13,27.79,30.02,0
sample_20201112_0053,2020-11-12,Royal Challengers Bengaluru,Lucknow Super Giants,Wankhede Stadium,Cameron Green,24.39,19.94,0.25,28.21,55.65,0
sample_20201112_0053,2020-11-12,Royal Challengers Bengaluru,Lucknow Super Giants,Wankhede Stadium,Dinesh Karthik,40.03,34.33,0.0,0.0,0.0,0
sample_20201113_0054,2020-11-13,Rajasthan Royals,Mumbai Indians,Arun Jaitley Stadium,Sanju Samson,25.72,28.35,0.65,22.93,42.38,0
sample_20201113_0054,2020-11-13,Rajasthan Royals,Mumbai Indians,Arun Jaitley Stadium,Yashasvi Jaiswal,31.34,18.67,0.94,22.81,22.08,0
sample_20201113_0054,2020-11-13,Rajasthan Royals,Mumbai Indians,Arun Jaitley Stadium,Jos Buttler,28.83,18.01,0.34,21.34,42.39,0
sample_20201113_0054,2020-11-13,Rajasthan Royals,Mumbai Indians,Arun Jaitley Stadium,Riyan Parag,58.07,32.69,1.1,23.61,46.5,0
sample_20201113_0054,2020-11-13,Rajasthan Royals,Mumbai Indians,Arun Jaitley Stadium,Shimron Hetmyer,21.21,12.33,1.39,29.57,42.3,0
sample_20201113_0054,2020-11-13,Rajasthan Royals,Mumbai Indians,Arun Jaitley Stadium,Ravichandran Ashwin,11.53,7.34,0.0,0.0,0.0,0
sample_20201113_0054,2020-11-13,Mumbai Indians,Rajasthan Royals,Arun Jaitley Stadium,Rohit Sharma,14.78,8.96,1.71,34.95,26.84,1
sample_20201113_0054,2020-11-13,Mumbai Indians,Rajasthan Royals,Arun Jaitley Stadium,Ishan Kishan,0.28,1.0,0.25,34.69,34.07,1
sample_20201113_0054,2020-11-13,Mumbai Indians,Rajasthan Royals,Arun Jaitley Stadium,Suryakumar Yadav,94.74,59.28,2.55,21.75,46.22,1
sample_20201113_0054,2020-11-13,Mumbai Indians,Rajasthan Royals,Arun Jaitley Stadium,Hardik Pandya,0.0,1.0,0.55,14.04,28.45,1
sample_20201113_0054,2020-11-13,Mumbai Indians,Rajasthan Royals,Arun Jaitley Stadium,Tilak Varma,38.86,23.96,0.75,22.09,31.51,1
sample_20201113_0054,2020-11-13,Mumbai Indians,Rajasthan Royals,Arun Jaitley Stadium,Tim David,35.91,32.73,0.0,0.0,0.0,1
sample_20201114_0055,2020-11-14,Kolkata Knight Riders,Rajasthan Royals,Arun Jaitley Stadium,Shreyas Iyer,29.92,17.47,0.73,29.75,48.32,1
sample_20201114_0055,2020-11-14,Kolkata Knight Riders,Rajasthan Royals,Arun Jaitley Stadium,Sunil Narine,13.19,8.9,3.27,22.03,33.44,1
sample_20201114_0055,2020-11-14,Kolkata Knight Riders,Rajasthan Royals,Arun Jaitley Stadium,Andre Russell,10.31,8.75,1.51,25.41,24.75,1
sample_20201114_0055,2020-11-14,Kolkata Knight Riders,Rajasthan Royals,Arun Jaitley Stadium,Rinku Singh,39.82,30.71,1.41,22.93,28.25,1
sample_20201114_0055,2020-11-14,Kolkata Knight Riders,Rajasthan Royals,Arun Jaitley Stadium,Venkatesh Iyer,68.44,48.15,0.73,27.47,34.62,1
sample_20201114_0055,2020-11-14,Kolkata Knight Riders,Rajasthan Royals,Arun Jaitley Stadium,Phil Salt,28.3,18.15,0.0,0.0,0.0,1
sample_20201114_0055,2020-11-14,Rajasthan Royals,Kolkata Knight Riders,Arun Jaitley Stadium,Sanju Samson,28.75,29.3,0.14,15.88,29.52,0
sample_20201114_0055,2020-11-14,Rajasthan Royals,Kolkata Knight Riders,Arun Jaitley Stadium,Yashasvi Jaiswal,55.7,47.79,0.39,17.11,33.1,0
sample_20201114_0055,2020-11-14,Rajasthan Royals,Kolkata Knight Riders,Arun Jaitley Stadium,Jos Buttler,41.09,26.13,0.44,16.71,40.14,0
sample_20201114_0055,2020-11-14,Rajasthan Royals,Kolkata Knight Riders,Arun Jaitley Stadium,Riyan Parag,0.0,1.0,0.68,13.71,22.07,0
sample_20201114_0055,2020-11-14,Rajasthan Royals,Kolkata Knight Riders,Arun Jaitley Stadium,Shimron Hetmyer,23.88,23.44,0.69,25.89,38.63,0
sample_20201114_0055,2020-11-14,Rajasthan Royals,Kolkata Knight Riders,Arun Jaitley Stadium,Ravichandran Ashwin,17.03,12.29,0.0,0.0,0.0,0
sample_20201115_0056,2020-11-15,Sunrisers Hyderabad,Lucknow Super Giants,Narendra Modi Stadium,Pat Cummins,13.3,11.76,0.23,19.64,15.04,0
sample_20201115_0056,2020-11-15,Sunrisers Hyderabad,Lucknow Super Giants,Narendra Modi Stadium,Travis Head,0.0,1.0,0.0,17.66,33.47,0
sample_20201115_0056,2020-11-15,Sunrisers Hyderabad,Lucknow Super Giants,Narendra Modi Stadium,Abhishek Sharma,11.21,8.4,0.0,34.75,20.84,0
sample_20201115_0056,2020-11-15,Sunrisers Hyderabad,Lucknow Super Giants,Narendra Modi Stadium,Aiden Markram,11.27,6.93,1.76,27.98,11.98,0
sample_20201115_0056,2020-11-15,Sunrisers Hyderabad,Lucknow Super Giants,Narendra Modi Stadium,Heinrich Klaasen,76.44,48.63,0.9,38.68,11.25,0
sample_20201115_0056,2020-11-15,Sunrisers Hyderabad,Lucknow Super Giants,Narendra Modi Stadium,Nitish Kumar Reddy,10.35,8.59,0.0,0.0,0.0,0
sample_20201115_0056,2020-11-15,Lucknow Super Giants,Sunrisers Hyderabad,Narendra Modi Stadium,KL Rahul,24.83,24.74,2.87,22.1,20.58,1
sample_20201115_0056,2020-11-15,Lucknow Super Giants,Sunrisers Hyderabad,Narendra Modi Stadium,Quinton de Kock,40.43,22.88,0.23,29.33,39.5,1
sample_20201115_0056,2020-11-15,Lucknow Super Giants,Sunrisers Hyderabad,Narendra Modi Stadium,Nicholas Pooran,30.6,29.8,0.05,19.47,21.04,1
sample_20201115_0056,2020-11-15,Lucknow Super Giants,Sunrisers Hyderabad,Narendra Modi Stadium,Marcus Stoinis,6.03,3.41,2.94,30.6,35.56,1
sample_20201115_0056,2020-11-15,Lucknow Super Giants,Sunrisers Hyderabad,Narendra Modi Stadium,Deepak Hooda,54.7,32.68,1.04,26.82,32.28,1
sample_20201115_0056,2020-11-15,Lucknow Super Giants,Sunrisers Hyderabad,Narendra Modi Stadium,Krunal Pandya,9.74,6.28,0.0,0.0,0.0,1
sample_20201116_0057,2020-11-16,Delhi Capitals,Lucknow Super Giants,M Chinnaswamy Stadium,Rishabh Pant,31.67,34.7,0.64,29.9,30.91,1
sample_20201116_0057,2020-11-16,Delhi Capitals,Lucknow Super Giants,M Chinnaswamy Stadium,David Warner,60.06,43.43,0.88,32.04,42.37,1
sample_20201116_0057,2020-11-16,Delhi Capitals,Lucknow Super Giants,M Chinnaswamy Stadium,Prithvi Shaw,14.72,11.24,0.68,19.18,27.25,1
sample_20201116_0057,2020-11-16,Delhi Capitals,Lucknow Super Giants,M Chinnaswamy Stadium,Jake Fraser-McGurk,38.4,25.51,1.81,17.79,21.56,1
sample_20201116_0057,2020-11-16,Delhi Capitals,Lucknow Super Giants,M Chinnaswamy Stadium,Tristan Stubbs,7.37,4.89,0.97,34.2,30.52,1
sample_20201116_0057,2020-11-16,Delhi Capitals,Lucknow Super Giants,M Chinnaswamy Stadium,Axar Patel,18.53,12.99,0.0,0.0,0.0,1
sample_20201116_0057,2020-11-16,Lucknow Super Giants,Delhi Capitals,M Chinnaswamy Stadium,KL Rahul,52.39,31.94,1.82,18.55,38.43,0
sample_20201116_0057,2020-11-16,Lucknow Super Giants,Delhi Capitals,M Chinnaswamy Stadium,Quinton de Kock,55.85,31.98,4.85,19.86,41.62,0
sample_20201116_0057,2020-11-16,Lucknow Super Giants,Delhi Capitals,M Chinnaswamy Stadium,Nicholas Pooran,10.57,10.59,0.68,22.53,29.1,0
sample_20201116_0057,2020-11-16,Lucknow Super Giants,Delhi Capitals,M Chinnaswamy Stadium,Marcus Stoinis,8.2,7.39,1.53,29.37,38.33,0
sample_20201116_0057,2020-11-16,Lucknow Super Giants,Delhi Capitals,M Chinnaswamy Stadium,Deepak Hooda,14.51,15.73,1.18,22.15,32.42,0
sample_20201116_0057,2020-11-16,Lucknow Super Giants,Delhi Capitals,M Chinnaswamy Stadium,Krunal Pandya,37.2,21.94,0.0,0.0,0.0,0
sample_20201117_0058,2020-11-17,Lucknow Super Giants,Sunrisers Hyderabad,Narendra Modi Stadium,KL Rahul,3.19,2.17,1.56,20.14,43.75,0
sample_20201117_0058,2020-11-17,Lucknow Super Giants,Sunrisers Hyderabad,Narendra Modi Stadium,Quinton de Kock,45.63,34.63,1.59,16.65,32.78,0
sample_20201117_0058,2020-11-17,Lucknow Super Giants,Sunrisers Hyderabad,Narendra Modi Stadium,Nicholas Pooran,8.45,5.52,0.8,19.65,39.02,0
sample_20201117_0058,2020-11-17,Lucknow Super Giants,Sunrisers Hyderabad,Narendra Modi Stadium,Marcus Stoinis,16.37,11.03,2.71,19.84,35.66,0
sample_20201117_0058,2020-11-17,Lucknow Super Giants,Sunrisers Hyderabad,Narendra Modi Stadium,Deepak Hooda,47.93,47.69,1.23,23.81,22.97,0
sample_20201117_0058,2020-11-17,Lucknow Super Giants,Sunrisers Hyderabad,Narendra Modi Stadium,Krunal Pandya,68.86,73.19,0.0,0.0,0.0,0
sample_20201117_0058,2020-11-17,Sunrisers Hyderabad,Lucknow Super Giants,Narendra Modi Stadium,Pat Cummins,28.56,30.6,0.67,27.53,36.62,1
sample_20201117_0058,2020-11-17,Sunrisers Hyderabad,Lucknow Super Giants,Narendra Modi Stadium,Travis Head,48.7,27.11,0.44,20.09,31.32,1
sample_20201117_0058,2020-11-17,Sunrisers Hyderabad,Lucknow Super Giants,Narendra Modi Stadium,Abhishek Sharma,46.15,45.94,3.18,19.06,36.85,1
sample_20201117_0058,2020-11-17,Sunrisers Hyderabad,Lucknow Super Giants,Narendra Modi Stadium,Aiden Markram,6.17,5.55,1.84,22.68,36.03,1
sample_20201117_0058,2020-11-17,Sunrisers Hyderabad,Lucknow Super Giants,Narendra Modi Stadium,Heinrich Klaasen,56.19,40.6,1.29,16.71,29.35,1
sample_20201117_0058,2020-11-17,Sunrisers Hyderabad,Lucknow Super Giants,Narendra Modi Stadium,Nitish Kumar Reddy,0.0,1.0,0.0,0.0,0.0,1
sample_20201118_0059,2020-11-18,Sunrisers Hyderabad,Lucknow Super Giants,Eden Gardens,Pat Cummins,44.09,29.6,1.06,13.41,40.9,1
sample_20201118_0059,2020-11-18,Sunrisers Hyderabad,Lucknow Super Giants,Eden Gardens,Travis Head,41.91,25.39,3.58,22.68,41.05,1
sample_20201118_0059,2020-11-18,Sunrisers Hyderabad,Lucknow Super Giants,Eden Gardens,Abhishek Sharma,37.2,25.59,0.0,35.1,31.88,1
sample_20201118_0059,2020-11-18,Sunrisers Hyderabad,Lucknow Super Giants,Eden Gardens,Aiden Markram,7.96,4.56,0.0,31.66,50.09,1
sample_20201118_0059,2020-11-18,Sunrisers Hyderabad,Lucknow Super Giants,Eden Gardens,Heinrich Klaasen,14.57,12.65,0.24,27.35,28.97,1
sample_20201118_0059,2020-11-18,Sunrisers Hyderabad,Lucknow Super Giants,Eden Gardens,Nitish Kumar Reddy,35.89,23.59,0.0,0.0,0.0,1
sample_20201118_0059,2020-11-18,Lucknow Super Giants,Sunrisers Hyderabad,Eden Gardens,KL Rahul,49.39,45.08,2.9,22.17,30.46,0
sample_20201118_0059,2020-11-18,Lucknow Super Giants,Sunrisers Hyderabad,Eden Gardens,Quinton de Kock,36.7,28.22,0.65,19.4,36.1,0
sample_20201118_0059,2020-11-18,Lucknow Super Giants,Sunrisers Hyderabad,Eden Gardens,Nicholas Pooran,16.15,14.52,1.92,20.35,46.43,0
sample_20201118_0059,2020-11-18,Lucknow Super Giants,Sunrisers Hyderabad,Eden Gardens,Marcus Stoinis,6.97,5.68,1.6,25.83,31.14,0
sample_20201118_0059,2020-11-18,Lucknow Super Giants,Sunrisers Hyderabad,Eden Gardens,Deepak Hooda,38.66,21.69,1.01,21.72,46.8,0
sample_20201118_0059,2020-11-18,Lucknow Super Giants,Sunrisers Hyderabad,Eden Gardens,Krunal Pandya,17.84,14.5,0.0,0.0,0.0,0
sample_20201119_0060,2020-11-19,Sunrisers Hyderabad,Mumbai Indians,Eden Gardens,Pat Cummins,36.34,20.51,1.18,22.65,39.64,0
sample_20201119_0060,2020-11-19,Sunrisers Hyderabad,Mumbai Indians,Eden Gardens,Travis Head,64.85,36.97,0.0,23.44,41.64,0
sample_20201119_0060,2020-11-19,Sunrisers Hyderabad,Mumbai Indians,Eden Gardens,Abhishek Sharma,28.02,17.07,0.22,24.44,29.14,0
sample_20201119_0060,2020-11-19,Sunrisers Hyderabad,Mumbai Indians,Eden Gardens,Aiden Markram,15.71,15.99,1.2,26.46,39.97,0
sample_20201119_0060,2020-11-19,Sunrisers Hyderabad,Mumbai Indians,Eden Gardens,Heinrich Klaasen,0.0,1.0,2.77,31.23,37.39,0
sample_20201119_0060,2020-11-19,Sunrisers Hyderabad,Mumbai Indians,Eden Gardens,Nitish Kumar Reddy,23.53,15.95,0.0,0.0,0.0,0
sample_20201119_0060,2020-11-19,Mumbai Indians,Sunrisers Hyderabad,Eden Gardens,Rohit Sharma,26.56,14.97,4.73,14.16,21.79,1
sample_20201119_0060,2020-11-19,Mumbai Indians,Sunrisers Hyderabad,Eden Gardens,Ishan Kishan,19.94,21.09,0.0,12.06,47.61,1
sample_20201119_0060,2020-11-19,Mumbai Indians,Sunrisers Hyderabad,Eden Gardens,Suryakumar Yadav,50.95,42.45,0.85,22.46,42.29,1
sample_20201119_0060,2020-11-19,Mumbai Indians,Sunrisers Hyderabad,Eden Gardens,Hardik Pandya,10.36,5.79,0.6,21.94,42.54,1
sample_20201119_0060,2020-11-19,Mumbai Indians,Sunrisers Hyderabad,Eden Gardens,Tilak Varma,82.04,51.01,0.77,23.2,41.0,1
sample_20201119_0060,2020-11-19,Mumbai Indians,Sunrisers Hyderabad,Eden Gardens,Tim David,37.81,34.85,0.0,0.0,0.0,1
sample_20201120_0061,2020-11-20,Lucknow Super Giants,Kolkata Knight Riders,Narendra Modi Stadium,KL Rahul,55.52,46.44,1.47,31.38,43.8,1
sample_20201120_0061,2020-11-20,Lucknow Super Giants,Kolkata Knight Riders,Narendra Modi Stadium,Quinton de Kock,80.24,77.69,1.63,23.53,44.21,1
sample_20201120_0061,2020-11-20,Lucknow Super Giants,Kolkata Knight Riders,Narendra Modi Stadium,Nicholas Pooran,9.74,5.7,1.17,17.71,30.28,1
sample_20201120_0061,2020-11-20,Lucknow Super Giants,Kolkata Knight Riders,Narendra Modi Stadium,Marcus Stoinis,28.8,31.91,0.09,25.29,42.81,1
sample_20201120_0061,2020-11-20,Lucknow Super Giants,Kolkata Knight Riders,Narendra Modi Stadium,Deepak Hooda,9.2,5.5,5.31,22.39,33.47,1
sample_20201120_0061,2020-11-20,Lucknow Super Giants,Kolkata Knight Riders,Narendra Modi Stadium,Krunal Pandya,2.9,2.82,0.0,0.0,0.0,1
sample_20201120_0061,2020-11-20,Kolkata Knight Riders,Lucknow Super Giants,Narendra Modi Stadium,Shreyas Iyer,26.07,25.63,0.84,21.13,28.21,0
sample_20201120_0061,2020-11-20,Kolkata Knight Riders,Lucknow Super Giants,Narendra Modi Stadium,Sunil Narine,79.12,70.29,1.96,22.9,23.49,0
sample_20201120_0061,2020-11-20,Kolkata Knight Riders,Lucknow Super Giants,Narendra Modi Stadium,Andre Russell,7.82,7.4,4.16,35.06,40.14,0
sample_20201120_0061,2020-11-20,Kolkata Knight Riders,Lucknow Super Giants,Narendra Modi Stadium,Rinku Singh,48.11,32.18,2.43,22.56,32.42,0
sample_20201120_0061,2020-11-20,Kolkata Knight Riders,Lucknow Super Giants,Narendra Modi Stadium,Venkatesh Iyer,0.15,1.0,0.53,8.76,44.18,0
sample_20201120_0061,2020-11-20,Kolkata Knight Riders,Lucknow Super Giants,Narendra Modi Stadium,Phil Salt,13.01,14.24,0.0,0.0,0.0,0
sample_20201121_0062,2020-11-21,Kolkata Knight Riders,Sunrisers Hyderabad,Wankhede Stadium,Shreyas Iyer,9.41,9.94,0.53,19.67,33.85,0
sample_20201121_0062,2020-11-21,Kolkata Knight Riders,Sunrisers Hyderabad,Wankhede Stadium,Sunil Narine,20.81,13.28,1.17,25.56,60.72,0
sample_20201121_0062,2020-11-21,Kolkata Knight Riders,Sunrisers Hyderabad,Wankhede Stadium,Andre Russell,66.87,48.69,1.37,25.96,40.18,0
sample_20201121_0062,2020-11-21,Kolkata Knight Riders,Sunrisers Hyderabad,Wankhede Stadium,Rinku Singh,40.14,25.55,1.61,23.83,39.27,0
sample_20201121_0062,2020-11-21,Kolkata Knight Riders,Sunrisers Hyderabad,Wankhede Stadium,Venkatesh Iyer,11.12,8.37,0.0,18.31,70.04,0
sample_20201121_0062,2020-11-21,Kolkata Knight Riders,Sunrisers Hyderabad,Wankhede Stadium,Phil Salt,50.02,31.26,0.0,0.0,0.0,0
sample_20201121_0062,2020-11-21,Sunrisers Hyderabad,Kolkata Knight Riders,Wankhede Stadium,Pat Cummins,70.06,51.44,1.73,27.46,33.85,1
sample_20201121_0062,2020-11-21,Sunrisers Hyderabad,Kolkata Knight Riders,Wankhede Stadium,Travis Head,66.57,66.69,0.03,24.17,39.9,1
sample_20201121_0062,2020-11-21,Sunrisers Hyderabad,Kolkata Knight Riders,Wankhede Stadium,Abhishek Sharma,0.0,1.0,2.64,23.51,37.55,1
sample_20201121_0062,2020-11-21,Sunrisers Hyderabad,Kolkata Knight Riders,Wankhede Stadium,Aiden Markram,18.98,10.84,1.05,18.64,19.85,1
sample_20201121_0062,2020-11-21,Sunrisers Hyderabad,Kolkata Knight Riders,Wankhede Stadium,Heinrich Klaasen,7.7,8.2,1.31,22.8,30.92,1
sample_20201121_0062,2020-11-21,Sunrisers Hyderabad,Kolkata Knight Riders,Wankhede Stadium,Nitish Kumar Reddy,50.52,31.48,0.0,0.0,0.0,1
sample_20201122_0063,2020-11-22,Lucknow Super Giants,Rajasthan Royals,Eden Gardens,KL Rahul,33.06,18.38,1.89,34.63,37.96,0
sample_20201122_0063,2020-11-22,Lucknow Super Giants,Rajasthan Royals,Eden Gardens,Quinton de Kock,27.08,16.29,0.01,23.21,24.48,0
sample_20201122_0063,2020-11-22,Lucknow Super Giants,Rajasthan Royals,Eden Gardens,Nicholas Pooran,0.0,1.0,2.35,25.88,33.95,0
sample_20201122_0063,2020-11-22,Lucknow Super Giants,Rajasthan Royals,Eden Gardens,Marcus Stoinis,2.25,2.26,0.24,21.72,26.37,0
sample_20201122_0063,2020-11-22,Lucknow Super Giants,Rajasthan Royals,Eden Gardens,Deepak Hooda,21.74,14.11,1.01,33.58,31.02,0
sample_20201122_0063,2020-11-22,Lucknow Super Giants,Rajasthan Royals,Eden Gardens,Krunal Pandya,54.65,42.07,0.0,0.0,0.0,0
sample_20201122_0063,2020-11-22,Rajasthan Royals,Lucknow Super Giants,Eden Gardens,Sanju Samson,37.87,22.15,0.97,31.62,25.87,1
sample_20201122_0063,2020-11-22,Rajasthan Royals,Lucknow Super Giants,Eden Gardens,Yashasvi Jaiswal,32.47,27.28,1.31,13.81,45.48,1
sample_20201122_0063,2020-11-22,Rajasthan Royals,Lucknow Super Giants,Eden Gardens,Jos Buttler,17.59,17.02,0.43,19.49,29.55,1
sample_20201122_0063,2020-11-22,Rajasthan Royals,Lucknow Super Giants,Eden Gardens,Riyan Parag,21.25,20.97,1.59,25.87,34.87,1
sample_20201122_0063,2020-11-22,Rajasthan Royals,Lucknow Super Giants,Eden Gardens,Shimron Hetmyer,6.9,4.72,1.59,28.59,16.98,1
sample_20201122_0063,2020-11-22,Rajasthan Royals,Lucknow Super Giants,Eden Gardens,Ravichandran Ashwin,45.74,32.06,0.0,0.0,0.0,1
sample_20201123_0064,2020-11-23,Sunrisers Hyderabad,Delhi Capitals,Narendra Modi Stadium,Pat Cummins,55.82,41.19,2.1,23.78,27.8,1
sample_20201123_0064,2020-11-23,Sunrisers Hyderabad,Delhi Capitals,Narendra Modi Stadium,Travis Head,20.9,16.24,0.05,26.55,38.19,1
sample_20201123_0064,2020-11-23,Sunrisers Hyderabad,Delhi Capitals,Narendra Modi Stadium,Abhishek Sharma,16.44,10.19,0.1,19.39,35.53,1
sample_20201123_0064,2020-11-23,Sunrisers Hyderabad,Delhi Capitals,Narendra Modi Stadium,Aiden Markram,53.35,53.19,2.35,27.54,62.69,1
sample_20201123_0064,2020-11-23,Sunrisers Hyderabad,Delhi Capitals,Narendra Modi Stadium,Heinrich Klaasen,35.8,24.04,0.47,20.55,40.12,1
sample_20201123_0064,2020-11-23,Sunrisers Hyderabad,Delhi Capitals,Narendra Modi Stadium,Nitish Kumar Reddy,8.7,5.15,0.0,0.0,0.0,1
sample_20201123_0064,2020-11-23,Delhi Capitals,Sunrisers Hyderabad,Narendra Modi Stadium,Rishabh Pant,34.25,24.53,0.71,19.93,38.53,0
sample_20201123_0064,2020-11-23,Delhi Capitals,Sunrisers Hyderabad,Narendra Modi Stadium,David Warner,4.36,2.6,1.4,28.55,37.29,0
sample_20201123_0064,2020-11-23,Delhi Capitals,Sunrisers Hyderabad,Narendra Modi Stadium,Prithvi Shaw,21.07,16.37,2.3,26.59,35.69,0
sample_20201123_0064,2020-11-23,Delhi Capitals,Sunrisers Hyderabad,Narendra Modi Stadium,Jake Fraser-McGurk,45.12,26.55,0.2,34.16,22.9,0
sample_20201123_0064,2020-11-23,Delhi Capitals,Sunrisers Hyderabad,Narendra Modi Stadium,Tristan Stubbs,23.95,18.82,2.2,34.56,24.37,0
sample_20201123_0064,2020-11-23,Delhi Capitals,Sunrisers Hyderabad,Narendra Modi Stadium,Axar Patel,46.3,28.15,0.0,0.0,0.0,0
sample_20201124_0065,2020-11-24,Delhi Capitals,Gujarat Titans,Arun Jaitley Stadium,Rishabh Pant,33.47,26.06,0.67,22.98,44.12,0
sample_20201124_0065,2020-11-24,Delhi Capitals,Gujarat Titans,Arun Jaitley Stadium,David Warner,22.21,14.82,0.47,29.73,39.49,0
sample_20201124_0065,2020-11-24,Delhi Capitals,Gujarat Titans,Arun Jaitley Stadium,Prithvi Shaw,22.07,17.84,0.61,13.57,20.84,0
sample_20201124_0065,2020-11-24,Delhi Capitals,Gujarat Titans,Arun Jaitley Stadium,Jake Fraser-McGurk,43.02,41.47,1.27,24.45,41.79,0
sample_20201124_0065,2020-11-24,Delhi Capitals,Gujarat Titans,Arun Jaitley Stadium,Tristan Stubbs,23.54,13.6,0.72,25.13,24.36,0
sample_20201124_0065,2020-11-24,Delhi Capitals,Gujarat Titans,Arun Jaitley Stadium,Axar Patel,13.73,14.3,0.0,0.0,0.0,0
sample_20201124_0065,2020-11-24,Gujarat Titans,Delhi Capitals,Arun Jaitley Stadium,Shubman Gill,73.17,44.39,0.24,24.13,6.46,1
sample_20201124_0065,2020-11-24,Gujarat Titans,Delhi Capitals,Arun Jaitley Stadium,Wriddhiman Saha,15.5,15.75,0.37,19.09,43.35,1
sample_20201124_0065,2020-11-24,Gujarat Titans,Delhi Capitals,Arun Jaitley Stadium,Sai Sudharsan,13.17,13.35,0.05,26.15,51.21,1
sample_20201124_0065,2020-11-24,Gujarat Titans,Delhi Capitals,Arun Jaitley Stadium,David Miller,24.95,15.94,1.0,26.77,41.31,1
sample_20201124_0065,2020-11-24,Gujarat Titans,Delhi Capitals,Arun Jaitley Stadium,Rahul Tewatia,0.0,1.0,0.65,19.6,36.58,1
sample_20201124_0065,2020-11-24,Gujarat Titans,Delhi Capitals,Arun Jaitley Stadium,Rashid Khan,44.06,31.46,0.0,0.0,0.0,1
sample_20201125_0066,2020-11-25,Gujarat Titans,Lucknow Super Giants,Narendra Modi Stadium,Shubman Gill,26.73,21.05,0.46,21.88,44.81,0
sample_20201125_0066,2020-11-25,Gujarat Titans,Lucknow Super Giants,Narendra Modi Stadium,Wriddhiman Saha,39.23,23.26,0.86,22.23,41.48,0
sample_20201125_0066,2020-11-25,Gujarat Titans,Lucknow Super Giants,Narendra Modi Stadium,Sai Sudharsan,2.68,1.54,1.05,13.76,32.22,0
sample_20201125_0066,2020-11-25,Gujarat Titans,Lucknow Super Giants,Narendra Modi Stadium,David Miller,59.41,46.39,1.04,25.44,33.87,0
sample_20201125_0066,2020-11-25,Gujarat Titans,Lucknow Super Giants,Narendra Modi Stadium,Rahul Tewatia,20.52,11.9,0.38,21.84,40.1,0
sample_20201125_0066,2020-11-25,Gujarat Titans,Lucknow Super Giants,Narendra Modi Stadium,Rashid Khan,47.29,49.97,0.0,0.0,0.0,0
sample_20201125_0066,2020-11-25,Lucknow Super Giants,Gujarat Titans,Narendra Modi Stadium,KL Rahul,57.65,49.75,1.33,21.46,30.14,1
sample_20201125_0066,2020-11-25,Lucknow Super Giants,Gujarat Titans,Narendra Modi Stadium,Quinton de Kock,3.83,3.24,2.59,7.13,26.77,1
sample_20201125_0066,2020-11-25,Lucknow Super Giants,Gujarat Titans,Narendra Modi Stadium,Nicholas Pooran,52.82,53.18,0.31,17.36,36.38,1
sample_20201125_0066,2020-11-25,Lucknow Super Giants,Gujarat Titans,Narendra Modi Stadium,Marcus Stoinis,26.04,19.19,2.62,35.04,40.69,1
sample_20201125_0066,2020-11-25,Lucknow Super Giants,Gujarat Titans,Narendra Modi Stadium,Deepak Hooda,35.34,34.01,2.92,19.81,26.47,1
sample_20201125_0066,2020-11-25,Lucknow Super Giants,Gujarat Titans,Narendra Modi Stadium,Krunal Pandya,8.5,6.37,0.0,0.0,0.0,1
sample_20201126_0067,2020-11-26,Chennai Super Kings,Sunrisers Hyderabad,Narendra Modi Stadium,Ruturaj Gaikwad,4.26,2.68,0.81,22.58,21.95,1
sample_20201126_0067,2020-11-26,Chennai Super Kings,Sunrisers Hyderabad,Narendra Modi Stadium,Devon Conway,100.63,71.03,0.43,21.31,32.85,1
sample_20201126_0067,2020-11-26,Chennai Super Kings,Sunrisers Hyderabad,Narendra Modi Stadium,Ajinkya Rahane,19.81,12.18,0.23,24.42,25.19,1
sample_20201126_0067,2020-11-26,Chennai Super Kings,Sunrisers Hyderabad,Narendra Modi Stadium,Shivam Dube,6.6,3.97,1.68,21.85,37.07,1
sample_20201126_0067,2020-11-26,Chennai Super Kings,Sunrisers Hyderabad,Narendra Modi Stadium,Ravindra Jadeja,15.48,8.71,1.04,29.31,44.44,1
sample_20201126_0067,2020-11-26,Chennai Super Kings,Sunrisers Hyderabad,Narendra Modi Stadium,MS Dhoni,7.42,4.54,0.0,0.0,0.0,1
sample_20201126_0067,2020-11-26,Sunrisers Hyderabad,Chennai Super Kings,Narendra Modi Stadium,Pat Cummins,23.66,16.29,0.0,33.68,32.01,0
sample_20201126_0067,2020-11-26,Sunrisers Hyderabad,Chennai Super Kings,Narendra Modi Stadium,Travis Head,17.21,11.64,0.33,20.11,23.91,0
sample_20201126_0067,2020-11-26,Sunrisers Hyderabad,Chennai Super Kings,Narendra Modi Stadium,Abhishek Sharma,27.18,29.43,2.15,22.83,25.07,0
sample_20201126_0067,2020-11-26,Sunrisers Hyderabad,Chennai Super Kings,Narendra Modi Stadium,Aiden Markram,18.6,10.71,0.27,25.59,23.57,0
sample_20201126_0067,2020-11-26,Sunrisers Hyderabad,Chennai Super Kings,Narendra Modi Stadium,Heinrich Klaasen,39.09,23.74,0.55,28.3,30.06,0
sample_20201126_0067,2020-11-26,Sunrisers Hyderabad,Chennai Super Kings,Narendra Modi Stadium,Nitish Kumar Reddy,26.13,22.91,0.0,0.0,0.0,0
sample_20201127_0068,2020-11-27,Royal Challengers Bengaluru,Rajasthan Royals,Arun Jaitley Stadium,Virat Kohli,41.37,34.02,2.64,21.85,38.27,1
sample_20201127_0068,2020-11-27,Royal Challengers Bengaluru,Rajasthan Royals,Arun Jaitley Stadium,Faf du Plessis,52.61,49.48,0.46,18.56,34.89,1
sample_20201127_0068,2020-11-27,Royal Challengers Bengaluru,Rajasthan Royals,Arun Jaitley Stadium,Glenn Maxwell,31.02,30.15,0.43,30.78,32.18,1
sample_20201127_0068,2020-11-27,Royal Challengers Bengaluru,Rajasthan Royals,Arun Jaitley Stadium,Rajat Patidar,21.27,14.26,0.53,22.04,33.84,1
sample_20201127_0068,2020-11-27,Royal Challengers Bengaluru,Rajasthan Royals,Arun Jaitley Stadium,Cameron Green,10.54,10.95,3.22,10.56,31.52,1
sample_20201127_0068,2020-11-27,Royal Challengers Bengaluru,Rajasthan Royals,Arun Jaitley Stadium,Dinesh Karthik,20.51,13.09,0.0,0.0,0.0,1
sample_20201127_0068,2020-11-27,Rajasthan Royals,Royal Challengers Bengaluru,Arun Jaitley Stadium,Sanju Samson,0.0,1.0,0.41,13.51,38.06,0
sample_20201127_0068,2020-11-27,Rajasthan Royals,Royal Challengers Bengaluru,Arun Jaitley Stadium,Yashasvi Jaiswal,60.2,61.26,0.66,15.42,47.25,0
sample_20201127_0068,2020-11-27,Rajasthan Royals,Royal Challengers Bengaluru,Arun Jaitley Stadium,Jos Buttler,25.19,18.29,0.59,29.13,19.53,0
sample_20201127_0068,2020-11-27,Rajasthan Royals,Royal Challengers Bengaluru,Arun Jaitley Stadium,Riyan Parag,44.96,36.3,2.06,41.14,32.41,0
sample_20201127_0068,2020-11-27,Rajasthan Royals,Royal Challengers Bengaluru,Arun Jaitley Stadium,Shimron Hetmyer,9.79,7.49,1.58,26.21,19.51,0
sample_20201127_0068,2020-11-27,Rajasthan Royals,Royal Challengers Bengaluru,Arun Jaitley Stadium,Ravichandran Ashwin,9.89,9.5,0.0,0.0,0.0,0
sample_20201128_0069,2020-11-28,Rajasthan Royals,Sunrisers Hyderabad,Narendra Modi Stadium,Sanju Samson,19.93,19.16,2.36,16.09,39.92,1
sample_20201128_0069,2020-11-28,Rajasthan Royals,Sunrisers Hyderabad,Narendra Modi Stadium,Yashasvi Jaiswal,23.71,15.02,1.45,13.65,8.7,1
sample_20201128_0069,2020-11-28,Rajasthan Royals,Sunrisers Hyderabad,Narendra Modi Stadium,Jos Buttler,53.76,56.9,0.6,30.85,30.99,1
sample_20201128_0069,2020-11-28,Rajasthan Royals,Sunrisers Hyderabad,Narendra Modi Stadium,Riyan Parag,47.45,48.74,1.16,21.32,35.54,1
sample_20201128_0069,2020-11-28,Rajasthan Royals,Sunrisers Hyderabad,Narendra Modi Stadium,Shimron Hetmyer,13.37,10.3,0.52,23.91,49.54,1
sample_20201128_0069,2020-11-28,Rajasthan Royals,Sunrisers Hyderabad,Narendra Modi Stadium,Ravichandran Ashwin,51.57,40.23,0.0,0.0,0.0,1
sample_20201128_0069,2020-11-28,Sunrisers Hyderabad,Rajasthan Royals,Narendra Modi Stadium,Pat Cummins,24.06,16.63,1.45,27.48,17.62,0
sample_20201128_0069,2020-11-28,Sunrisers Hyderabad,Rajasthan Royals,Narendra Modi Stadium,Travis Head,16.6,13.04,0.4,32.82,25.54,0
sample_20201128_0069,2020-11-28,Sunrisers Hyderabad,Rajasthan Royals,Narendra Modi Stadium,Abhishek Sharma,86.98,79.51,2.03,21.28,28.94,0
sample_20201128_0069,2020-11-28,Sunrisers Hyderabad,Rajasthan Royals,Narendra Modi Stadium,Aiden Markram,18.89,13.88,0.55,16.11,11.93,0
sample_20201128_0069,2020-11-28,Sunrisers Hyderabad,Rajasthan Royals,Narendra Modi Stadium,Heinrich Klaasen,11.54,9.53,1.32,14.31,24.06,0
sample_20201128_0069,2020-11-28,Sunrisers Hyderabad,Rajasthan Royals,Narendra Modi Stadium,Nitish Kumar Reddy,0.33,1.0,0.0,0.0,0.0,0
sample_20201129_0070,2020-11-29,Gujarat Titans,Punjab Kings,Narendra Modi Stadium,Shubman Gill,78.14,71.13,2.24,31.27,23.14,0
sample_20201129_0070,2020-11-29,Gujarat Titans,Punjab Kings,Narendra Modi Stadium,Wriddhiman Saha,22.26,12.46,1.95,22.66,21.84,0
sample_20201129_0070,2020-11-29,Gujarat Titans,Punjab Kings,Narendra Modi Stadium,Sai Sudharsan,5.25,5.53,0.64,27.05,29.1,0
sample_20201129_0070,2020-11-29,Gujarat Titans,Punjab Kings,Narendra Modi Stadium,David Miller,54.61,50.38,0.06,22.0,59.33,0
sample_20201129_0070,2020-11-29,Gujarat Titans,Punjab Kings,Narendra Modi Stadium,Rahul Tewatia,19.69,11.25,1.46,25.08,24.28,0
sample_20201129_0070,2020-11-29,Gujarat Titans,Punjab Kings,Narendra Modi Stadium,Rashid Khan,0.0,1.0,0.0,0.0,0.0,0
sample_20201129_0070,2020-11-29,Punjab Kings,Gujarat Titans,Narendra Modi Stadium,Shikhar Dhawan,22.66,14.27,1.8,33.56,36.08,1
sample_20201129_0070,2020-11-29,Punjab Kings,Gujarat Titans,Narendra Modi Stadium,Jonny Bairstow,13.86,11.94,1.53,15.2,26.78,1
sample_20201129_0070,2020-11-29,Punjab Kings,Gujarat Titans,Narendra Modi Stadium,Liam Livingstone,34.11,33.84,0.2,23.46,43.95,1
sample_20201129_0070,2020-11-29,Punjab Kings,Gujarat Titans,Narendra Modi Stadium,Sam Curran,7.81,5.79,0.12,21.33,16.98,1
sample_20201129_0070,2020-11-29,Punjab Kings,Gujarat Titans,Narendra Modi Stadium,Jitesh Sharma,44.73,34.74,0.42,25.1,58.86,1
sample_20201129_0070,2020-11-29,Punjab Kings,Gujarat Titans,Narendra Modi Stadium,Shashank Singh,76.08,74.86,0.0,0.0,0.0,1
sample_20201130_0071,2020-11-30,Lucknow Super Giants,Kolkata Knight Riders,Narendra Modi Stadium,KL Rahul,4.28,3.4,2.15,15.51,40.03,0
sample_20201130_0071,2020-11-30,Lucknow Super Giants,Kolkata Knight Riders,Narendra Modi Stadium,Quinton de Kock,47.1,30.04,0.68,32.97,39.37,0
sample_20201130_0071,2020-11-30,Lucknow Super Giants,Kolkata Knight Riders,Narendra Modi Stadium,Nicholas Pooran,20.66,15.98,0.0,34.39,34.16,0
sample_20201130_0071,2020-11-30,Lucknow Super Giants,Kolkata Knight Riders,Narendra Modi Stadium,Marcus Stoinis,8.43,6.42,0.28,25.54,12.09,0
sample_20201130_0071,2020-11-30,Lucknow Super Giants,Kolkata Knight Riders,Narendra Modi Stadium,Deepak Hooda,65.61,67.64,1.02,26.22,23.58,0
sample_20201130_0071,2020-11-30,Lucknow Super Giants,Kolkata Knight Riders,Narendra Modi Stadium,Krunal Pandya,6.38,5.4,0.0,0.0,0.0,0
sample_20201130_0071,2020-11-30,Kolkata Knight Riders,Lucknow Super Giants,Narendra Modi Stadium,Shreyas Iyer,61.95,48.16,0.31,11.25,35.69,1
sample_20201130_0071,2020-11-30,Kolkata Knight Riders,Lucknow Super Giants,Narendra Modi Stadium,Sunil Narine,5.65,4.47,0.0,27.76,32.15,1
sample_20201130_0071,2020-11-30,Kolkata Knight Riders,Lucknow Super Giants,Narendra Modi Stadium,Andre Russell,45.22,30.63,0.06,24.76,25.51,1
sample_20201130_0071,2020-11-30,Kolkata Knight Riders,Lucknow Super Giants,Narendra Modi Stadium,Rinku Singh,4.97,4.28,0.21,26.04,27.82,1
sample_20201130_0071,2020-11-30,Kolkata Knight Riders,Lucknow Super Giants,Narendra Modi Stadium,Venkatesh Iyer,0.0,1.0,4.35,7.57,25.14,1
sample_20201130_0071,2020-11-30,Kolkata Knight Riders,Lucknow Super Giants,Narendra Modi Stadium,Phil Salt,23.32,13.18,0.0,0.0,0.0,1
sample_20201201_0072,2020-12-01,Royal Challengers Bengaluru,Punjab Kings,Arun Jaitley Stadium,Virat Kohli,0.0,1.0,2.48,26.57,44.17,0
sample_20201201_0072,2020-12-01,Royal Challengers Bengaluru,Punjab Kings,Arun Jaitley Stadium,Faf du Plessis,115.91,116.46,2.88,24.3,24.47,0
sample_20201201_0072,2020-12-01,Royal Challengers Bengaluru,Punjab Kings,Arun Jaitley Stadium,Glenn Maxwell,17.58,13.6,0.04,19.82,37.68,0
sample_20201201_0072,2020-12-01,Royal Challengers Bengaluru,Punjab Kings,Arun Jaitley Stadium,Rajat Patidar,16.55,13.13,0.25,14.09,37.65,0
sample_20201201_0072,2020-12-01,Royal Challengers Bengaluru,Punjab Kings,Arun Jaitley Stadium,Cameron Green,0.0,1.0,1.89,28.69,20.69,0
sample_20201201_0072,2020-12-01,Royal Challengers Bengaluru,Punjab Kings,Arun Jaitley Stadium,Dinesh Karthik,6.24,3.71,0.0,0.0,0.0,0
sample_20201201_0072,2020-12-01,Punjab Kings,Royal Challengers Bengaluru,Arun Jaitley Stadium,Shikhar Dhawan,39.86,25.37,2.56,8.25,34.79,1
sample_20201201_0072,2020-12-01,Punjab Kings,Royal Challengers Bengaluru,Arun Jaitley Stadium,Jonny Bairstow,34.22,31.13,0.93,12.68,47.62,1
sample_20201201_0072,2020-12-01,Punjab Kings,Royal Challengers Bengaluru,Arun Jaitley Stadium,Liam Livingstone,3.62,2.26,0.86,23.68,46.14,1
sample_20201201_0072,2020-12-01,Punjab Kings,Royal Challengers Bengaluru,Arun Jaitley Stadium,Sam Curran,1.39,1.44,3.61,19.37,19.49,1
sample_20201201_0072,2020-12-01,Punjab Kings,Royal Challengers Bengaluru,Arun Jaitley Stadium,Jitesh Sharma,9.38,6.38,0.75,19.05,39.76,1
sample_20201201_0072,2020-12-01,Punjab Kings,Royal Challengers Bengaluru,Arun Jaitley Stadium,Shashank Singh,72.34,52.51,0.0,0.0,0.0,1
sample_20201202_0073,2020-12-02,Kolkata Knight Riders,Sunrisers Hyderabad,M Chinnaswamy Stadium,Shreyas Iyer,134.33,135.34,2.34,18.14,35.42,1
sample_20201202_0073,2020-12-02,Kolkata Knight Riders,Sunrisers Hyderabad,M Chinnaswamy Stadium,Sunil Narine,10.84,9.59,1.47,11.29,46.51,1
sample_20201202_0073,2020-12-02,Kolkata Knight Riders,Sunrisers Hyderabad,M Chinnaswamy Stadium,Andre Russell,12.09,11.45,2.14,21.13,37.11,1
sample_20201202_0073,2020-12-02,Kolkata Knight Riders,Sunrisers Hyderabad,M Chinnaswamy Stadium,Rinku Singh,16.67,16.07,0.68,31.43,37.99,1
sample_20201202_0073,2020-12-02,Kolkata Knight Riders,Sunrisers Hyderabad,M Chinnaswamy Stadium,Venkatesh Iyer,14.24,8.99,0.02,29.09,30.74,1
sample_20201202_0073,2020-12-02,Kolkata Knight Riders,Sunrisers Hyderabad,M Chinnaswamy Stadium,Phil Salt,0.0,1.0,0.0,0.0,0.0,1
sample_20201202_0073,2020-12-02,Sunrisers Hyderabad,Kolkata Knight Riders,M Chinnaswamy Stadium,Pat Cummins,73.01,41.57,0.42,27.06,31.47,0
sample_20201202_0073,2020-12-02,Sunrisers Hyderabad,Kolkata Knight Riders,M Chinnaswamy Stadium,Travis Head,9.44,6.44,2.13,18.32,23.78,0
sample_20201202_0073,2020-12-02,Sunrisers Hyderabad,Kolkata Knight Riders,M Chinnaswamy Stadium,Abhishek Sharma,7.05,5.35,2.11,30.25,32.64,0
sample_20201202_0073,2020-12-02,Sunrisers Hyderabad,Kolkata Knight Riders,M Chinnaswamy Stadium,Aiden Markram,35.71,25.37,3.2,29.34,30.2,0
sample_20201202_0073,2020-12-02,Sunrisers Hyderabad,Kolkata Knight Riders,M Chinnaswamy Stadium,Heinrich Klaasen,22.51,15.83,1.25,22.87,31.65,0
sample_20201202_0073,2020-12-02,Sunrisers Hyderabad,Kolkata Knight Riders,M Chinnaswamy Stadium,Nitish Kumar Reddy,16.87,11.15,0.0,0.0,0.0,0
sample_20201203_0074,2020-12-03,Gujarat Titans,Sunrisers Hyderabad,Arun Jaitley Stadium,Shubman Gill,16.67,12.87,0.54,24.08,31.13,1
sample_20201203_0074,2020-12-03,Gujarat Titans,Sunrisers Hyderabad,Arun Jaitley Stadium,Wriddhiman Saha,12.74,9.64,0.0,26.48,49.41,1
sample_20201203_0074,2020-12-03,Gujarat Titans,Sunrisers Hyderabad,Arun Jaitley Stadium,Sai Sudharsan,3.12,2.12,4.68,22.91,16.1,1
sample_20201203_0074,2020-12-03,Gujarat Titans,Sunrisers Hyderabad,Arun Jaitley Stadium,David Miller,49.59,30.67,2.14,13.91,45.93,1
sample_20201203_0074,2020-12-03,Gujarat Titans,Sunrisers Hyderabad,Arun Jaitley Stadium,Rahul Tewatia,48.39,33.79,0.0,24.01,31.76,1
sample_20201203_0074,2020-12-03,Gujarat Titans,Sunrisers Hyderabad,Arun Jaitley Stadium,Rashid Khan,96.17,79.04,0.0,0.0,0.0,1
sample_20201203_0074,2020-12-03,Sunrisers Hyderabad,Gujarat Titans,Arun Jaitley Stadium,Pat Cummins,15.84,16.39,1.85,18.57,35.81,0
sample_20201203_0074,2020-12-03,Sunrisers Hyderabad,Gujarat Titans,Arun Jaitley Stadium,Travis Head,16.77,12.74,0.16,30.1,65.12,0
sample_20201203_0074,2020-12-03,Sunrisers Hyderabad,Gujarat Titans,Arun Jaitley Stadium,Abhishek Sharma,25.65,27.47,2.77,21.41,33.24,0
sample_20201203_0074,2020-12-03,Sunrisers Hyderabad,Gujarat Titans,Arun Jaitley Stadium,Aiden Markram,47.93,38.91,0.3,36.69,56.74,0
sample_20201203_0074,2020-12-03,Sunrisers Hyderabad,Gujarat Titans,Arun Jaitley Stadium,Heinrich Klaasen,23.37,20.17,0.37,19.99,42.0,0
sample_20201203_0074,2020-12-03,Sunrisers Hyderabad,Gujarat Titans,Arun Jaitley Stadium,Nitish Kumar Reddy,87.29,58.97,0.0,0.0,0.0,0
sample_20201204_0075,2020-12-04,Chennai Super Kings,Lucknow Super Giants,Eden Gardens,Ruturaj Gaikwad,16.06,12.31,1.24,21.13,25.24,1
sample_20201204_0075,2020-12-04,Chennai Super Kings,Lucknow Super Giants,Eden Gardens,Devon Conway,33.39,20.5,0.0,22.59,19.9,1
sample_20201204_0075,2020-12-04,Chennai Super Kings,Lucknow Super Giants,Eden Gardens,Ajinkya Rahane,24.04,16.17,3.04,15.98,38.4,1
sample_20201204_0075,2020-12-04,Chennai Super Kings,Lucknow Super Giants,Eden Gardens,Shivam Dube,4.92,4.14,2.0,21.38,39.97,1
sample_20201204_0075,2020-12-04,Chennai Super Kings,Lucknow Super Giants,Eden Gardens,Ravindra Jadeja,63.74,48.0,0.0,31.18,43.44,1
sample_20201204_0075,2020-12-04,Chennai Super Kings,Lucknow Super Giants,Eden Gardens,MS Dhoni,23.72,22.9,0.0,0.0,0.0,1
sample_20201204_0075,2020-12-04,Lucknow Super Giants,Chennai Super Kings,Eden Gardens,KL Rahul,0.0,1.0,1.02,36.27,26.94,0
sample_20201204_0075,2020-12-04,Lucknow Super Giants,Chennai Super Kings,Eden Gardens,Quinton de Kock,87.2,87.8,0.46,26.02,25.84,0
sample_20201204_0075,2020-12-04,Lucknow Super Giants,Chennai Super Kings,Eden Gardens,Nicholas Pooran,15.27,8.93,0.86,19.81,41.09,0
sample_20201204_0075,2020-12-04,Lucknow Super Giants,Chennai Super Kings,Eden Gardens,Marcus Stoinis,41.55,34.36,1.35,24.84,65.61,0
sample_20201204_0075,2020-12-04,Lucknow Super Giants,Chennai Super Kings,Eden Gardens,Deepak Hooda,5.84,3.78,2.56,18.74,32.23,0
sample_20201204_0075,2020-12-04,Lucknow Super Giants,Chennai Super Kings,Eden Gardens,Krunal Pandya,25.04,18.49,0.0,0.0,0.0,0
sample_20201205_0076,2020-12-05,Royal Challengers Bengaluru,Mumbai Indians,MA Chidambaram Stadium,Virat Kohli,20.79,15.16,1.29,29.23,49.88,1
sample_20201205_0076,2020-12-05,Royal Challengers Bengaluru,Mumbai Indians,MA Chidambaram Stadium,Faf du Plessis,37.55,25.92,0.61,20.03,20.34,1
sample_20201205_0076,2020-12-05,Royal Challengers Bengaluru,Mumbai Indians,MA Chidambaram Stadium,Glenn Maxwell,80.16,65.31,0.1,21.36,58.55,1
sample_20201205_0076,2020-12-05,Royal Challengers Bengaluru,Mumbai Indians,MA Chidambaram Stadium,Rajat Patidar,0.0,1.0,4.53,18.03,47.88,1
sample_20201205_0076,2020-12-05,Royal Challengers Bengaluru,Mumbai Indians,MA Chidambaram Stadium,Cameron Green,9.16,7.34,0.51,18.33,31.14,1
sample_20201205_0076,2020-12-05,Royal Challengers Bengaluru,Mumbai Indians,MA Chidambaram Stadium,Dinesh Karthik,49.16,30.78,0.0,0.0,0.0,1
sample_20201205_0076,2020-12-05,Mumbai Indians,Royal Challengers Bengaluru,MA Chidambaram Stadium,Rohit Sharma,8.2,5.43,2.51,29.93,46.52,0
sample_20201205_0076,2020-12-05,Mumbai Indians,Royal Challengers Bengaluru,MA Chidambaram Stadium,Ishan Kishan,8.81,9.3,2.86,24.81,31.49,0
sample_20201205_0076,2020-12-05,Mumbai Indians,Royal Challengers Bengaluru,MA Chidambaram Stadium,Suryakumar Yadav,105.0,71.54,0.22,18.11,24.26,0
sample_20201205_0076,2020-12-05,Mumbai Indians,Royal Challengers Bengaluru,MA Chidambaram Stadium,Hardik Pandya,9.78,8.14,0.49,23.84,45.33,0
sample_20201205_0076,2020-12-05,Mumbai Indians,Royal Challengers Bengaluru,MA Chidambaram Stadium,Tilak Varma,36.12,30.19,2.78,12.41,37.13,0
sample_20201205_0076,2020-12-05,Mumbai Indians,Royal Challengers Bengaluru,MA Chidambaram Stadium,Tim David,21.26,15.16,0.0,0.0,0.0,0
sample_20201206_0077,2020-12-06,Delhi Capitals,Rajasthan Royals,M Chinnaswamy Stadium,Rishabh Pant,26.61,27.34,0.56,30.79,36.08,0
sample_20201206_0077,2020-12-06,Delhi Capitals,Rajasthan Royals,M Chinnaswamy Stadium,David Warner,12.05,8.05,0.37,11.89,33.4,0
sample_20201206_0077,2020-12-06,Delhi Capitals,Rajasthan Royals,M Chinnaswamy Stadium,Prithvi Shaw,66.18,38.36,3.05,32.6,39.24,0
sample_20201206_0077,2020-12-06,Delhi Capitals,Rajasthan Royals,M Chinnaswamy Stadium,Jake Fraser-McGurk,46.19,39.17,0.48,25.78,44.11,0
sample_20201206_0077,2020-12-06,Delhi Capitals,Rajasthan Royals,M Chinnaswamy Stadium,Tristan Stubbs,9.43,6.33,0.15,29.21,14.84,0
sample_20201206_0077,2020-12-06,Delhi Capitals,Rajasthan Royals,M Chinnaswamy Stadium,Axar Patel,8.58,5.74,0.0,0.0,0.0,0
sample_20201206_0077,2020-12-06,Rajasthan Royals,Delhi Capitals,M Chinnaswamy Stadium,Sanju Samson,45.88,45.16,0.45,25.84,33.94,1
sample_20201206_0077,2020-12-06,Rajasthan Royals,Delhi Capitals,M Chinnaswamy Stadium,Yashasvi Jaiswal,40.11,26.08,0.55,29.38,34.47,1
sample_20201206_0077,2020-12-06,Rajasthan Royals,Delhi Capitals,M Chinnaswamy Stadium,Jos Buttler,5.66,5.8,2.17,29.95,46.85,1
sample_20201206_0077,2020-12-06,Rajasthan Royals,Delhi Capitals,M Chinnaswamy Stadium,Riyan Parag,62.34,44.43,4.98,26.28,49.88,1
sample_20201206_0077,2020-12-06,Rajasthan Royals,Delhi Capitals,M Chinnaswamy Stadium,Shimron Hetmyer,20.78,14.05,0.45,22.42,25.29,1
sample_20201206_0077,2020-12-06,Rajasthan Royals,Delhi Capitals,M Chinnaswamy Stadium,Ravichandran Ashwin,2.44,2.04,0.0,0.0,0.0,1
sample_20201207_0078,2020-12-07,Royal Challengers Bengaluru,Lucknow Super Giants,Wankhede Stadium,Virat Kohli,33.59,36.66,1.62,14.49,29.91,1
sample_20201207_0078,2020-12-07,Royal Challengers Bengaluru,Lucknow Super Giants,Wankhede Stadium,Faf du Plessis,1.3,1.11,1.5,28.66,42.47,1
sample_20201207_0078,2020-12-07,Royal Challengers Bengaluru,Lucknow Super Giants,Wankhede Stadium,Glenn Maxwell,2.52,1.44,0.45,32.17,13.17,1
sample_20201207_0078,2020-12-07,Royal Challengers Bengaluru,Lucknow Super Giants,Wankhede Stadium,Rajat Patidar,51.01,42.24,1.3,22.45,17.49,1
sample_20201207_0078,2020-12-07,Royal Challengers Bengaluru,Lucknow Super Giants,Wankhede Stadium,Cameron Green,54.67,34.39,2.83,22.93,29.2,1
sample_20201207_0078,2020-12-07,Royal Challengers Bengaluru,Lucknow Super Giants,Wankhede Stadium,Dinesh Karthik,8.45,7.88,0.0,0.0,0.0,1
sample_20201207_0078,2020-12-07,Lucknow Super Giants,Royal Challengers Bengaluru,Wankhede Stadium,KL Rahul,15.62,8.68,0.1,25.94,31.44,0
sample_20201207_0078,2020-12-07,Lucknow Super Giants,Royal Challengers Bengaluru,Wankhede Stadium,Quinton de Kock,41.45,39.87,0.0,28.37,26.07,0
sample_20201207_0078,2020-12-07,Lucknow Super Giants,Royal Challengers Bengaluru,Wankhede Stadium,Nicholas Pooran,20.82,17.85,0.0,14.39,26.26,0
sample_20201207_0078,2020-12-07,Lucknow Super Giants,Royal Challengers Bengaluru,Wankhede Stadium,Marcus Stoinis,51.25,31.85,2.07,22.8,17.9,0
sample_20201207_0078,2020-12-07,Lucknow Super Giants,Royal Challengers Bengaluru,Wankhede Stadium,Deepak Hooda,14.98,11.04,0.12,19.65,32.3,0
sample_20201207_0078,2020-12-07,Lucknow Super Giants,Royal Challengers Bengaluru,Wankhede Stadium,Krunal Pandya,0.0,1.0,0.0,0.0,0.0,0
sample_20201208_0079,2020-12-08,Lucknow Super Giants,Mumbai Indians,Arun Jaitley Stadium,KL Rahul,10.32,7.18,0.0,18.71,44.55,1
sample_20201208_0079,2020-12-08,Lucknow Super Giants,Mumbai Indians,Arun Jaitley Stadium,Quinton de Kock,14.09,13.56,2.39,28.02,32.87,1
sample_20201208_0079,2020-12-08,Lucknow Super Giants,Mumbai Indians,Arun Jaitley Stadium,Nicholas Pooran,135.67,127.66,3.15,28.84,46.16,1
sample_20201208_0079,2020-12-08,Lucknow Super Giants,Mumbai Indians,Arun Jaitley Stadium,Marcus Stoinis,27.82,18.26,1.77,18.08,30.98,1
sample_20201208_0079,2020-12-08,Lucknow Super Giants,Mumbai Indians,Arun Jaitley Stadium,Deepak Hooda,3.16,2.16,0.0,22.76,32.75,1
sample_20201208_0079,2020-12-08,Lucknow Super Giants,Mumbai Indians,Arun Jaitley Stadium,Krunal Pandya,14.39,8.4,0.0,0.0,0.0,1
sample_20201208_0079,2020-12-08,Mumbai Indians,Lucknow Super Giants,Arun Jaitley Stadium,Rohit Sharma,46.69,30.14,0.0,25.03,41.26,0
sample_20201208_0079,2020-12-08,Mumbai Indians,Lucknow Super Giants,Arun Jaitley Stadium,Ishan Kishan,8.51,9.06,0.15,14.75,30.8,0
sample_20201208_0079,2020-12-08,Mumbai Indians,Lucknow Super Giants,Arun Jaitley Stadium,Suryakumar Yadav,44.9,36.57,3.35,24.45,51.26,0
sample_20201208_0079,2020-12-08,Mumbai Indians,Lucknow Super Giants,Arun Jaitley Stadium,Hardik Pandya,29.02,18.75,0.39,28.07,43.4,0
sample_20201208_0079,2020-12-08,Mumbai Indians,Lucknow Super Giants,Arun Jaitley Stadium,Tilak Varma,4.22,2.38,1.81,23.04,22.9,0
sample_20201208_0079,2020-12-08,Mumbai Indians,Lucknow Super Giants,Arun Jaitley Stadium,Tim David,51.43,35.48,0.0,0.0,0.0,0
sample_20201209_0080,2020-12-09,Punjab Kings,Kolkata Knight Riders,Narendra Modi Stadium,Shikhar Dhawan,0.0,1.0,0.23,34.02,46.94,0
sample_20201209_0080,2020-12-09,Punjab Kings,Kolkata Knight Riders,Narendra Modi Stadium,Jonny Bairstow,57.08,35.54,3.04,17.97,36.99,0
sample_20201209_0080,2020-12-09,Punjab Kings,Kolkata Knight Riders,Narendra Modi Stadium,Liam Livingstone,24.02,14.02,0.8,20.2,28.07,0
sample_20201209_0080,2020-12-09,Punjab Kings,Kolkata Knight Riders,Narendra Modi Stadium,Sam Curran,14.41,13.41,2.03,26.96,24.01,0
sample_20201209_0080,2020-12-09,Punjab Kings,Kolkata Knight Riders,Narendra Modi Stadium,Jitesh Sharma,2.98,1.97,0.71,38.94,34.27,0
sample_20201209_0080,2020-12-09,Punjab Kings,Kolkata Knight Riders,Narendra Modi Stadium,Shashank Singh,40.51,28.66,0.0,0.0,0.0,0
sample_20201209_0080,2020-12-09,Kolkata Knight Riders,Punjab Kings,Narendra Modi Stadium,Shreyas Iyer,7.38,5.69,1.42,21.15,23.94,1
sample_20201209_0080,2020-12-09,Kolkata Knight Riders,Punjab Kings,Narendra Modi Stadium,Sunil Narine,16.92,10.62,1.82,26.94,47.42,1
sample_20201209_0080,2020-12-09,Kolkata Knight Riders,Punjab Kings,Narendra Modi Stadium,Andre Russell,13.37,8.36,1.67,24.95,26.76,1
sample_20201209_0080,2020-12-09,Kolkata Knight Riders,Punjab Kings,Narendra Modi Stadium,Rinku Singh,12.79,9.46,0.37,18.04,33.06,1
sample_20201209_0080,2020-12-09,Kolkata Knight Riders,Punjab Kings,Narendra Modi Stadium,Venkatesh Iyer,109.61,85.84,3.01,26.36,37.01,1
sample_20201209_0080,2020-12-09,Kolkata Knight Riders,Punjab Kings,Narendra Modi Stadium,Phil Salt,6.58,6.29,0.0,0.0,0.0,1
sample_20201210_0081,2020-12-10,Kolkata Knight Riders,Royal Challengers Bengaluru,M Chinnaswamy Stadium,Shreyas Iyer,8.41,4.98,1.53,28.63,28.09,0
sample_20201210_0081,2020-12-10,Kolkata Knight Riders,Royal Challengers Bengaluru,M Chinnaswamy Stadium,Sunil Narine,20.89,14.93,2.34,24.19,36.73,0
sample_20201210_0081,2020-12-10,Kolkata Knight Riders,Royal Challengers Bengaluru,M Chinnaswamy Stadium,Andre Russell,53.84,54.26,2.89,27.98,15.14,0
sample_20201210_0081,2020-12-10,Kolkata Knight Riders,Royal Challengers Bengaluru,M Chinnaswamy Stadium,Rinku Singh,13.56,8.16,0.68,26.41,0.0,0
sample_20201210_0081,2020-12-10,Kolkata Knight Riders,Royal Challengers Bengaluru,M Chinnaswamy Stadium,Venkatesh Iyer,20.37,12.23,0.97,12.02,47.19,0
sample_20201210_0081,2020-12-10,Kolkata Knight Riders,Royal Challengers Bengaluru,M Chinnaswamy Stadium,Phil Salt,39.57,34.22,0.0,0.0,0.0,0
sample_20201210_0081,2020-12-10,Royal Challengers Bengaluru,Kolkata Knight Riders,M Chinnaswamy Stadium,Virat Kohli,84.54,53.28,1.46,14.44,33.84,1
sample_20201210_0081,2020-12-10,Royal Challengers Bengaluru,Kolkata Knight Riders,M Chinnaswamy Stadium,Faf du Plessis,22.47,19.61,4.84,28.66,39.41,1
sample_20201210_0081,2020-12-10,Royal Challengers Bengaluru,Kolkata Knight Riders,M Chinnaswamy Stadium,Glenn Maxwell,18.71,10.91,1.53,12.3,30.08,1
sample_20201210_0081,2020-12-10,Royal Challengers Bengaluru,Kolkata Knight Riders,M Chinnaswamy Stadium,Rajat Patidar,8.68,8.4,0.42,26.27,35.84,1
sample_20201210_0081,2020-12-10,Royal Challengers Bengaluru,Kolkata Knight Riders,M Chinnaswamy Stadium,Cameron Green,21.27,16.44,1.14,30.01,32.45,1
sample_20201210_0081,2020-12-10,Royal Challengers Bengaluru,Kolkata Knight Riders,M Chinnaswamy Stadium,Dinesh Karthik,4.9,2.79,0.0,0.0,0.0,1
sample_20201211_0082,2020-12-11,Kolkata Knight Riders,Punjab Kings,M Chinnaswamy Stadium,Shreyas Iyer,0.0,1.0,0.0,33.2,44.31,0
sample_20201211_0082,2020-12-11,Kolkata Knight Riders,Punjab Kings,M Chinnaswamy Stadium,Sunil Narine,3.47,2.57,0.0,34.87,27.08,0
sample_20201211_0082,2020-12-11,Kolkata Knight Riders,Punjab Kings,M Chinnaswamy Stadium,Andre Russell,63.19,56.82,2.16,27.95,52.61,0
sample_20201211_0082,2020-12-11,Kolkata Knight Riders,Punjab Kings,M Chinnaswamy Stadium,Rinku Singh,44.17,24.61,2.36,20.33,12.13,0
sample_20201211_0082,2020-12-11,Kolkata Knight Riders,Punjab Kings,M Chinnaswamy Stadium,Venkatesh Iyer,23.4,18.91,2.73,27.59,30.8,0
sample_20201211_0082,2020-12-11,Kolkata Knight Riders,Punjab Kings,M Chinnaswamy Stadium,Phil Salt,14.14,15.28,0.0,0.0,0.0,0
sample_20201211_0082,2020-12-11,Punjab Kings,Kolkata Knight Riders,M Chinnaswamy Stadium,Shikhar Dhawan,8.88,5.11,0.56,24.91,40.77,1
sample_20201211_0082,2020-12-11,Punjab Kings,Kolkata Knight Riders,M Chinnaswamy Stadium,Jonny Bairstow,18.0,10.87,2.76,24.91,34.75,1
sample_20201211_0082,2020-12-11,Punjab Kings,Kolkata Knight Riders,M Chinnaswamy Stadium,Liam Livingstone,13.47,9.07,0.07,30.88,19.45,1
sample_20201211_0082,2020-12-11,Punjab Kings,Kolkata Knight Riders,M Chinnaswamy Stadium,Sam Curran,34.96,21.68,3.84,32.22,33.22,1
sample_20201211_0082,2020-12-11,Punjab Kings,Kolkata Knight Riders,M Chinnaswamy Stadium,Jitesh Sharma,65.88,64.34,0.15,26.71,39.41,1
sample_20201211_0082,2020-12-11,Punjab Kings,Kolkata Knight Riders,M Chinnaswamy Stadium,Shashank Singh,3.09,2.67,0.0,0.0,0.0,1
sample_20201212_0083,2020-12-12,Punjab Kings,Royal Challengers Bengaluru,Arun Jaitley Stadium,Shikhar Dhawan,2.19,1.5,0.0,22.87,40.82,0
sample_20201212_0083,2020-12-12,Punjab Kings,Royal Challengers Bengaluru,Arun Jaitley Stadium,Jonny Bairstow,39.44,22.99,3.08,27.4,31.64,0
sample_20201212_0083,2020-12-12,Punjab Kings,Royal Challengers Bengaluru,Arun Jaitley Stadium,Liam Livingstone,90.2,98.35,0.17,24.8,32.73,0
sample_20201212_0083,2020-12-12,Punjab Kings,Royal Challengers Bengaluru,Arun Jaitley Stadium,Sam Curran,45.2,41.31,3.01,24.9,49.64,0
sample_20201212_0083,2020-12-12,Punjab Kings,Royal Challengers Bengaluru,Arun Jaitley Stadium,Jitesh Sharma,4.3,4.16,2.22,30.66,62.98,0
sample_20201212_0083,2020-12-12,Punjab Kings,Royal Challengers Bengaluru,Arun Jaitley Stadium,Shashank Singh,11.93,6.83,0.0,0.0,0.0,0
sample_20201212_0083,2020-12-12,Royal Challengers Bengaluru,Punjab Kings,Arun Jaitley Stadium,Virat Kohli,0.0,1.0,0.89,32.25,50.07,1
sample_20201212_0083,2020-12-12,Royal Challengers Bengaluru,Punjab Kings,Arun Jaitley Stadium,Faf du Plessis,10.06,7.85,2.14,30.75,28.87,1
sample_20201212_0083,2020-12-12,Royal Challengers Bengaluru,Punjab Kings,Arun Jaitley Stadium,Glenn Maxwell,10.23,6.4,0.76,25.23,31.04,1
sample_20201212_0083,2020-12-12,Royal Challengers Bengaluru,Punjab Kings,Arun Jaitley Stadium,Rajat Patidar,22.67,20.36,3.15,15.64,45.81,1
sample_20201212_0083,2020-12-12,Royal Challengers Bengaluru,Punjab Kings,Arun Jaitley Stadium,Cameron Green,23.5,23.27,1.15,21.74,29.18,1
sample_20201212_0083,2020-12-12,Royal Challengers Bengaluru,Punjab Kings,Arun Jaitley Stadium,Dinesh Karthik,133.76,120.01,0.0,0.0,0.0,1
sample_20201213_0084,2020-12-13,Gujarat Titans,Punjab Kings,Wankhede Stadium,Shubman Gill,32.17,22.39,0.52,29.79,57.28,1
sample_20201213_0084,2020-12-13,Gujarat Titans,Punjab Kings,Wankhede Stadium,Wriddhiman Saha,4.4,4.8,4.61,17.34,34.09,1
sample_20201213_0084,2020-12-13,Gujarat Titans,Punjab Kings,Wankhede Stadium,Sai Sudharsan,5.68,4.17,3.97,22.95,12.21,1
sample_20201213_0084,2020-12-13,Gujarat Titans,Punjab Kings,Wankhede Stadium,David Miller,59.4,53.14,0.0,23.79,17.73,1
sample_20201213_0084,2020-12-13,Gujarat Titans,Punjab Kings,Wankhede Stadium,Rahul Tewatia,24.13,23.44,0.43,23.93,36.8,1
sample_20201213_0084,2020-12-13,Gujarat Titans,Punjab Kings,Wankhede Stadium,Rashid Khan,33.04,25.68,0.0,0.0,0.0,1
sample_20201213_0084,2020-12-13,Punjab Kings,Gujarat Titans,Wankhede Stadium,Shikhar Dhawan,13.47,9.27,0.77,30.82,44.35,0
sample_20201213_0084,2020-12-13,Punjab Kings,Gujarat Titans,Wankhede Stadium,Jonny Bairstow,30.28,27.12,0.52,17.78,36.03,0
sample_20201213_0084,2020-12-13,Punjab Kings,Gujarat Titans,Wankhede Stadium,Liam Livingstone,18.22,14.29,0.47,22.28,44.45,0
sample_20201213_0084,2020-12-13,Punjab Kings,Gujarat Titans,Wankhede Stadium,Sam Curran,3.31,2.21,2.64,25.06,55.68,0
sample_20201213_0084,2020-12-13,Punjab Kings,Gujarat Titans,Wankhede Stadium,Jitesh Sharma,9.4,9.62,3.07,16.32,42.31,0
sample_20201213_0084,2020-12-13,Punjab Kings,Gujarat Titans,Wankhede Stadium,Shashank Singh,87.35,49.15,0.0,0.0,0.0,0
sample_20201214_0085,2020-12-14,Chennai Super Kings,Lucknow Super Giants,Narendra Modi Stadium,Ruturaj Gaikwad,8.01,4.75,1.69,24.15,38.63,1
sample_20201214_0085,2020-12-14,Chennai Super Kings,Lucknow Super Giants,Narendra Modi Stadium,Devon Conway,42.0,44.72,0.79,26.6,45.35,1
sample_20201214_0085,2020-12-14,Chennai Super Kings,Lucknow Super Giants,Narendra Modi Stadium,Ajinkya Rahane,11.06,8.86,0.89,23.03,42.15,1
sample_20201214_0085,2020-12-14,Chennai Super Kings,Lucknow Super Giants,Narendra Modi Stadium,Shivam Dube,144.95,117.28,4.22,24.32,32.15,1
sample_20201214_0085,2020-12-14,Chennai Super Kings,Lucknow Super Giants,Narendra Modi Stadium,Ravindra Jadeja,6.19,3.94,1.51,33.75,42.83,1
sample_20201214_0085,2020-12-14,Chennai Super Kings,Lucknow Super Giants,Narendra Modi Stadium,MS Dhoni,5.33,4.37,0.0,0.0,0.0,1
sample_20201214_0085,2020-12-14,Lucknow Super Giants,Chennai Super Kings,Narendra Modi Stadium,KL Rahul,33.03,34.38,0.77,27.55,39.72,0
sample_20201214_0085,2020-12-14,Lucknow Super Giants,Chennai Super Kings,Narendra Modi Stadium,Quinton de Kock,7.19,6.44,1.11,22.54,37.8,0
sample_20201214_0085,2020-12-14,Lucknow Super Giants,Chennai Super Kings,Narendra Modi Stadium,Nicholas Pooran,27.96,18.75,0.99,17.27,45.64,0
sample_20201214_0085,2020-12-14,Lucknow Super Giants,Chennai Super Kings,Narendra Modi Stadium,Marcus Stoinis,38.32,38.58,0.39,12.96,23.16,0
sample_20201214_0085,2020-12-14,Lucknow Super Giants,Chennai Super Kings,Narendra Modi Stadium,Deepak Hooda,7.79,5.47,1.81,31.35,19.77,0
sample_20201214_0085,2020-12-14,Lucknow Super Giants,Chennai Super Kings,Narendra Modi Stadium,Krunal Pandya,78.08,49.39,0.0,0.0,0.0,0
sample_20201215_0086,2020-12-15,Royal Challengers Bengaluru,Mumbai Indians,M Chinnaswamy Stadium,Virat Kohli,33.7,20.46,0.42,35.45,45.81,0
sample_20201215_0086,2020-12-15,Royal Challengers Bengaluru,Mumbai Indians,M Chinnaswamy Stadium,Faf du Plessis,0.0,1.0,0.85,24.73,48.86,0
sample_20201215_0086,2020-12-15,Royal Challengers Bengaluru,Mumbai Indians,M Chinnaswamy Stadium,Glenn Maxwell,10.51,5.9,2.05,22.8,33.09,0
sample_20201215_0086,2020-12-15,Royal Challengers Bengaluru,Mumbai Indians,M Chinnaswamy Stadium,Rajat Patidar,81.19,61.02,0.71,21.63,27.95,0
sample_20201215_0086,2020-12-15,Royal Challengers Bengaluru,Mumbai Indians,M Chinnaswamy Stadium,Cameron Green,9.63,9.05,5.56,19.5,48.58,0
sample_20201215_0086,2020-12-15,Royal Challengers Bengaluru,Mumbai Indians,M Chinnaswamy Stadium,Dinesh Karthik,41.09,40.23,0.0,0.0,0.0,0
sample_20201215_0086,2020-12-15,Mumbai Indians,Royal Challengers Bengaluru,M Chinnaswamy Stadium,Rohit Sharma,20.65,13.37,1.44,25.34,57.13,1
sample_20201215_0086,2020-12-15,Mumbai Indians,Royal Challengers Bengaluru,M Chinnaswamy Stadium,Ishan Kishan,4.7,2.69,0.55,25.35,40.47,1
sample_20201215_0086,2020-12-15,Mumbai Indians,Royal Challengers Bengaluru,M Chinnaswamy Stadium,Suryakumar Yadav,37.44,40.11,1.77,6.09,46.45,1
sample_20201215_0086,2020-12-15,Mumbai Indians,Royal Challengers Bengaluru,M Chinnaswamy Stadium,Hardik Pandya,12.53,11.59,2.11,22.87,45.11,1
sample_20201215_0086,2020-12-15,Mumbai Indians,Royal Challengers Bengaluru,M Chinnaswamy Stadium,Tilak Varma,89.52,55.53,1.25,28.58,41.47,1
sample_20201215_0086,2020-12-15,Mumbai Indians,Royal Challengers Bengaluru,M Chinnaswamy Stadium,Tim David,26.52,15.63,0.0,0.0,0.0,1
sample_20201216_0087,2020-12-16,Sunrisers Hyderabad,Rajasthan Royals,Narendra Modi Stadium,Pat Cummins,15.59,13.82,0.63,32.64,41.5,0
sample_20201216_0087,2020-12-16,Sunrisers Hyderabad,Rajasthan Royals,Narendra Modi Stadium,Travis Head,54.42,34.49,1.1,22.18,43.04,0
sample_20201216_0087,2020-12-16,Sunrisers Hyderabad,Rajasthan Royals,Narendra Modi Stadium,Abhishek Sharma,6.79,6.33,1.44,36.8,36.98,0
sample_20201216_0087,2020-12-16,Sunrisers Hyderabad,Rajasthan Royals,Narendra Modi Stadium,Aiden Markram,4.86,3.98,0.0,28.66,37.0,0
sample_20201216_0087,2020-12-16,Sunrisers Hyderabad,Rajasthan Royals,Narendra Modi Stadium,Heinrich Klaasen,48.45,30.23,2.92,28.98,36.02,0
sample_20201216_0087,2020-12-16,Sunrisers Hyderabad,Rajasthan Royals,Narendra Modi Stadium,Nitish Kumar Reddy,50.05,29.81,0.0,0.0,0.0,0
sample_20201216_0087,2020-12-16,Rajasthan Royals,Sunrisers Hyderabad,Narendra Modi Stadium,Sanju Samson,56.1,46.8,1.35,33.86,43.74,1
sample_20201216_0087,2020-12-16,Rajasthan Royals,Sunrisers Hyderabad,Narendra Modi Stadium,Yashasvi Jaiswal,28.26,27.93,0.6,17.08,30.57,1
sample_20201216_0087,2020-12-16,Rajasthan Royals,Sunrisers Hyderabad,Narendra Modi Stadium,Jos Buttler,15.85,12.87,0.0,28.77,43.1,1
sample_20201216_0087,2020-12-16,Rajasthan Royals,Sunrisers Hyderabad,Narendra Modi Stadium,Riyan Parag,69.72,41.0,0.0,36.33,31.26,1
sample_20201216_0087,2020-12-16,Rajasthan Royals,Sunrisers Hyderabad,Narendra Modi Stadium,Shimron Hetmyer,21.85,13.93,1.85,19.13,18.17,1
sample_20201216_0087,2020-12-16,Rajasthan Royals,Sunrisers Hyderabad,Narendra Modi Stadium,Ravichandran Ashwin,18.05,10.58,0.0,0.0,0.0,1
sample_20201217_0088,2020-12-17,Delhi Capitals,Sunrisers Hyderabad,MA Chidambaram Stadium,Rishabh Pant,22.47,18.26,0.37,19.75,23.8,0
sample_20201217_0088,2020-12-17,Delhi Capitals,Sunrisers Hyderabad,MA Chidambaram Stadium,David Warner,26.71,16.51,0.51,25.05,26.78,0
sample_20201217_0088,2020-12-17,Delhi Capitals,Sunrisers Hyderabad,MA Chidambaram Stadium,Prithvi Shaw,45.8,40.17,3.22,19.67,26.66,0
sample_20201217_0088,2020-12-17,Delhi Capitals,Sunrisers Hyderabad,MA Chidambaram Stadium,Jake Fraser-McGurk,7.19,7.38,3.36,19.79,33.79,0
sample_20201217_0088,2020-12-17,Delhi Capitals,Sunrisers Hyderabad,MA Chidambaram Stadium,Tristan Stubbs,9.83,7.67,0.57,17.23,24.57,0
sample_20201217_0088,2020-12-17,Delhi Capitals,Sunrisers Hyderabad,MA Chidambaram Stadium,Axar Patel,54.78,42.54,0.0,0.0,0.0,0
sample_20201217_0088,2020-12-17,Sunrisers Hyderabad,Delhi Capitals,MA Chidambaram Stadium,Pat Cummins,23.93,13.33,0.09,29.35,16.5,1
sample_20201217_0088,2020-12-17,Sunrisers Hyderabad,Delhi Capitals,MA Chidambaram Stadium,Travis Head,40.23,37.86,1.54,17.65,10.35,1
sample_20201217_0088,2020-12-17,Sunrisers Hyderabad,Delhi Capitals,MA Chidambaram Stadium,Abhishek Sharma,15.49,13.3,2.02,34.05,34.75,1
sample_20201217_0088,2020-12-17,Sunrisers Hyderabad,Delhi Capitals,MA Chidambaram Stadium,Aiden Markram,17.79,17.93,0.03,29.72,26.69,1
sample_20201217_0088,2020-12-17,Sunrisers Hyderabad,Delhi Capitals,MA Chidambaram Stadium,Heinrich Klaasen,10.69,8.94,0.59,11.64,44.07,1
sample_20201217_0088,2020-12-17,Sunrisers Hyderabad,Delhi Capitals,MA Chidambaram Stadium,Nitish Kumar Reddy,52.93,45.39,0.0,0.0,0.0,1
sample_20201218_0089,2020-12-18,Punjab Kings,Delhi Capitals,MA Chidambaram Stadium,Shikhar Dhawan,20.68,15.87,3.75,12.92,23.67,0
sample_20201218_0089,2020-12-18,Punjab Kings,Delhi Capitals,MA Chidambaram Stadium,Jonny Bairstow,2.18,1.4,2.09,25.47,19.12,0
sample_20201218_0089,2020-12-18,Punjab Kings,Delhi Capitals,MA Chidambaram Stadium,Liam Livingstone,37.56,21.83,2.33,17.49,27.16,0
sample_20201218_0089,2020-12-18,Punjab Kings,Delhi Capitals,MA Chidambaram Stadium,Sam Curran,24.05,16.55,0.18,21.71,36.9,0
sample_20201218_0089,2020-12-18,Punjab Kings,Delhi Capitals,MA Chidambaram Stadium,Jitesh Sharma,0.0,1.0,1.26,24.4,43.94,0
sample_20201218_0089,2020-12-18,Punjab Kings,Delhi Capitals,MA Chidambaram Stadium,Shashank Singh,52.53,35.6,0.0,0.0,0.0,0
sample_20201218_0089,2020-12-18,Delhi Capitals,Punjab Kings,MA Chidambaram Stadium,Rishabh Pant,7.11,4.41,0.52,24.82,46.5,1
sample_20201218_0089,2020-12-18,Delhi Capitals,Punjab Kings,MA Chidambaram Stadium,David Warner,18.99,19.95,2.0,22.84,30.97,1
sample_20201218_0089,2020-12-18,Delhi Capitals,Punjab Kings,MA Chidambaram Stadium,Prithvi Shaw,65.34,43.44,0.99,19.35,41.86,1
sample_20201218_0089,2020-12-18,Delhi Capitals,Punjab Kings,MA Chidambaram Stadium,Jake Fraser-McGurk,11.41,9.02,0.89,31.28,41.54,1
sample_20201218_0089,2020-12-18,Delhi Capitals,Punjab Kings,MA Chidambaram Stadium,Tristan Stubbs,16.13,11.85,1.88,22.27,31.52,1
sample_20201218_0089,2020-12-18,Delhi Capitals,Punjab Kings,MA Chidambaram Stadium,Axar Patel,20.93,13.29,0.0,0.0,0.0,1
sample_20201219_0090,2020-12-19,Royal Challengers Bengaluru,Mumbai Indians,MA Chidambaram Stadium,Virat Kohli,2.3,2.27,1.53,22.97,18.43,0
sample_20201219_0090,2020-12-19,Royal Challengers Bengaluru,Mumbai Indians,MA Chidambaram Stadium,Faf du Plessis,28.28,25.42,2.97,30.81,31.27,0
sample_20201219_0090,2020-12-19,Royal Challengers Bengaluru,Mumbai Indians,MA Chidambaram Stadium,Glenn Maxwell,39.85,26.92,0.71,33.31,44.15,0
sample_20201219_0090,2020-12-19,Royal Challengers Bengaluru,Mumbai Indians,MA Chidambaram Stadium,Rajat Patidar,14.43,11.77,0.4,34.88,34.01,0
sample_20201219_0090,2020-12-19,Royal Challengers Bengaluru,Mumbai Indians,MA Chidambaram Stadium,Cameron Green,34.28,19.54,3.6,30.04,25.89,0
sample_20201219_0090,2020-12-19,Royal Challengers Bengaluru,Mumbai Indians,MA Chidambaram Stadium,Dinesh Karthik,28.54,30.72,0.0,0.0,0.0,0
sample_20201219_0090,2020-12-19,Mumbai Indians,Royal Challengers Bengaluru,MA Chidambaram Stadium,Rohit Sharma,25.41,24.48,1.75,23.52,30.97,1
sample_20201219_0090,2020-12-19,Mumbai Indians,Royal Challengers Bengaluru,MA Chidambaram Stadium,Ishan Kishan,6.22,4.77,3.09,27.22,64.02,1
sample_20201219_0090,2020-12-19,Mumbai Indians,Royal Challengers Bengaluru,MA Chidambaram Stadium,Suryakumar Yadav,40.93,33.17,0.09,28.46,49.45,1
sample_20201219_0090,2020-12-19,Mumbai Indians,Royal Challengers Bengaluru,MA Chidambaram Stadium,Hardik Pandya,53.19,40.93,0.0,27.38,58.72,1
sample_20201219_0090,2020-12-19,Mumbai Indians,Royal Challengers Bengaluru,MA Chidambaram Stadium,Tilak Varma,9.5,9.8,0.19,25.69,20.19,1
sample_20201219_0090,2020-12-19,Mumbai Indians,Royal Challengers Bengaluru,MA Chidambaram Stadium,Tim David,43.78,42.76,0.0,0.0,0.0,1
sample_20201220_0091,2020-12-20,Sunrisers Hyderabad,Delhi Capitals,M Chinnaswamy Stadium,Pat Cummins,4.27,2.42,1.42,36.59,17.18,0
sample_20201220_0091,2020-12-20,Sunrisers Hyderabad,Delhi Capitals,M Chinnaswamy Stadium,Travis Head,31.36,33.97,0.58,15.32,40.47,0
sample_20201220_0091,2020-12-20,Sunrisers Hyderabad,Delhi Capitals,M Chinnaswamy Stadium,Abhishek Sharma,38.99,36.52,0.48,27.3,52.41,0
sample_20201220_0091,2020-12-20,Sunrisers Hyderabad,Delhi Capitals,M Chinnaswamy Stadium,Aiden Markram,21.8,15.96,2.26,20.81,25.6,0
sample_20201220_0091,2020-12-20,Sunrisers Hyderabad,Delhi Capitals,M Chinnaswamy Stadium,Heinrich Klaasen,38.87,22.57,0.53,22.48,35.83,0
sample_20201220_0091,2020-12-20,Sunrisers Hyderabad,Delhi Capitals,M Chinnaswamy Stadium,Nitish Kumar Reddy,47.58,47.3,0.0,0.0,0.0,0
sample_20201220_0091,2020-12-20,Delhi Capitals,Sunrisers Hyderabad,M Chinnaswamy Stadium,Rishabh Pant,0.0,1.0,6.19,15.83,49.56,1
sample_20201220_0091,2020-12-20,Delhi Capitals,Sunrisers Hyderabad,M Chinnaswamy Stadium,David Warner,71.26,46.47,0.0,18.94,43.22,1
sample_20201220_0091,2020-12-20,Delhi Capitals,Sunrisers Hyderabad,M Chinnaswamy Stadium,Prithvi Shaw,9.77,8.93,0.98,31.13,40.55,1
sample_20201220_0091,2020-12-20,Delhi Capitals,Sunrisers Hyderabad,M Chinnaswamy Stadium,Jake Fraser-McGurk,51.94,35.81,1.13,24.05,40.83,1
sample_20201220_0091,2020-12-20,Delhi Capitals,Sunrisers Hyderabad,M Chinnaswamy Stadium,Tristan Stubbs,27.99,18.36,1.28,20.52,52.56,1
sample_20201220_0091,2020-12-20,Delhi Capitals,Sunrisers Hyderabad,M Chinnaswamy Stadium,Axar Patel,14.62,8.13,0.0,0.0,0.0,1
sample_20201221_0092,2020-12-21,Kolkata Knight Riders,Chennai Super Kings,MA Chidambaram Stadium,Shreyas Iyer,1.51,1.43,0.18,28.11,34.63,0
sample_20201221_0092,2020-12-21,Kolkata Knight Riders,Chennai Super Kings,MA Chidambaram Stadium,Sunil Narine,42.76,27.73,0.02,18.63,38.68,0
sample_20201221_0092,2020-12-21,Kolkata Knight Riders,Chennai Super Kings,MA Chidambaram Stadium,Andre Russell,10.98,6.11,4.89,36.45,46.26,0
sample_20201221_0092,2020-12-21,Kolkata Knight Riders,Chennai Super Kings,MA Chidambaram Stadium,Rinku Singh,60.44,37.09,1.25,26.53,30.7,0
sample_20201221_0092,2020-12-21,Kolkata Knight Riders,Chennai Super Kings,MA Chidambaram Stadium,Venkatesh Iyer,0.0,1.0,1.12,23.94,50.54,0
sample_20201221_0092,2020-12-21,Kolkata Knight Riders,Chennai Super Kings,MA Chidambaram Stadium,Phil Salt,27.66,15.47,0.0,0.0,0.0,0
sample_20201221_0092,2020-12-21,Chennai Super Kings,Kolkata Knight Riders,MA Chidambaram Stadium,Ruturaj Gaikwad,54.37,36.22,0.0,20.11,51.98,1
sample_20201221_0092,2020-12-21,Chennai Super Kings,Kolkata Knight Riders,MA Chidambaram Stadium,Devon Conway,4.83,3.14,3.97,22.11,18.43,1
sample_20201221_0092,2020-12-21,Chennai Super Kings,Kolkata Knight Riders,MA Chidambaram Stadium,Ajinkya Rahane,37.07,26.57,1.35,23.15,53.31,1
sample_20201221_0092,2020-12-21,Chennai Super Kings,Kolkata Knight Riders,MA Chidambaram Stadium,Shivam Dube,7.8,6.71,1.19,27.85,7.67,1
sample_20201221_0092,2020-12-21,Chennai Super Kings,Kolkata Knight Riders,MA Chidambaram Stadium,Ravindra Jadeja,18.76,16.04,1.24,32.92,44.05,1
sample_20201221_0092,2020-12-21,Chennai Super Kings,Kolkata Knight Riders,MA Chidambaram Stadium,MS Dhoni,40.32,38.7,0.0,0.0,0.0,1
sample_20201222_0093,2020-12-22,Royal Challengers Bengaluru,Sunrisers Hyderabad,Narendra Modi Stadium,Virat Kohli,4.54,2.54,1.13,33.73,33.52,1
sample_20201222_0093,2020-12-22,Royal Challengers Bengaluru,Sunrisers Hyderabad,Narendra Modi Stadium,Faf du Plessis,28.27,17.53,1.13,28.8,36.76,1
sample_20201222_0093,2020-12-22,Royal Challengers Bengaluru,Sunrisers Hyderabad,Narendra Modi Stadium,Glenn Maxwell,4.0,3.59,0.11,23.87,26.96,1
sample_20201222_0093,2020-12-22,Royal Challengers Bengaluru,Sunrisers Hyderabad,Narendra Modi Stadium,Rajat Patidar,43.92,32.66,3.3,21.75,42.64,1
sample_20201222_0093,2020-12-22,Royal Challengers Bengaluru,Sunrisers Hyderabad,Narendra Modi Stadium,Cameron Green,8.95,7.31,1.75,22.34,41.16,1
sample_20201222_0093,2020-12-22,Royal Challengers Bengaluru,Sunrisers Hyderabad,Narendra Modi Stadium,Dinesh Karthik,81.34,57.48,0.0,0.0,0.0,1
sample_20201222_0093,2020-12-22,Sunrisers Hyderabad,Royal Challengers Bengaluru,Narendra Modi Stadium,Pat Cummins,11.47,8.69,0.9,20.73,31.12,0
sample_20201222_0093,2020-12-22,Sunrisers Hyderabad,Royal Challengers Bengaluru,Narendra Modi Stadium,Travis Head,36.59,20.5,0.0,21.95,50.84,0
sample_20201222_0093,2020-12-22,Sunrisers Hyderabad,Royal Challengers Bengaluru,Narendra Modi Stadium,Abhishek Sharma,14.2,13.97,1.13,23.59,33.32,0
sample_20201222_0093,2020-12-22,Sunrisers Hyderabad,Royal Challengers Bengaluru,Narendra Modi Stadium,Aiden Markram,7.11,4.2,0.41,30.06,29.4,0
sample_20201222_0093,2020-12-22,Sunrisers Hyderabad,Royal Challengers Bengaluru,Narendra Modi Stadium,Heinrich Klaasen,29.8,31.07,1.46,24.71,13.87,0
sample_20201222_0093,2020-12-22,Sunrisers Hyderabad,Royal Challengers Bengaluru,Narendra Modi Stadium,Nitish Kumar Reddy,62.8,49.91,0.0,0.0,0.0,0
sample_20201223_0094,2020-12-23,Punjab Kings,Lucknow Super Giants,Eden Gardens,Shikhar Dhawan,26.45,26.12,0.7,15.27,28.13,1
sample_20201223_0094,2020-12-23,Punjab Kings,Lucknow Super Giants,Eden Gardens,Jonny Bairstow,29.95,25.27,6.65,25.31,50.25,1
sample_20201223_0094,2020-12-23,Punjab Kings,Lucknow Super Giants,Eden Gardens,Liam Livingstone,17.49,18.09,0.39,27.65,41.7,1
sample_20201223_0094,2020-12-23,Punjab Kings,Lucknow Super Giants,Eden Gardens,Sam Curran,16.75,12.7,0.91,26.26,52.31,1
sample_20201223_0094,2020-12-23,Punjab Kings,Lucknow Super Giants,Eden Gardens,Jitesh Sharma,78.76,57.67,1.4,22.17,51.13,1
sample_20201223_0094,2020-12-23,Punjab Kings,Lucknow Super Giants,Eden Gardens,Shashank Singh,28.82,28.38,0.0,0.0,0.0,1
sample_20201223_0094,2020-12-23,Lucknow Super Giants,Punjab Kings,Eden Gardens,KL Rahul,23.65,14.37,2.54,34.13,8.06,0
sample_20201223_0094,2020-12-23,Lucknow Super Giants,Punjab Kings,Eden Gardens,Quinton de Kock,0.21,1.0,0.55,17.49,33.82,0
sample_20201223_0094,2020-12-23,Lucknow Super Giants,Punjab Kings,Eden Gardens,Nicholas Pooran,64.66,45.25,0.73,24.39,42.68,0
sample_20201223_0094,2020-12-23,Lucknow Super Giants,Punjab Kings,Eden Gardens,Marcus Stoinis,19.77,12.43,4.12,23.01,36.33,0
sample_20201223_0094,2020-12-23,Lucknow Super Giants,Punjab Kings,Eden Gardens,Deepak Hooda,0.0,1.0,0.85,21.29,49.02,0
sample_20201223_0094,2020-12-23,Lucknow Super Giants,Punjab Kings,Eden Gardens,Krunal Pandya,67.53,49.93,0.0,0.0,0.0,0
sample_20201224_0095,2020-12-24,Mumbai Indians,Chennai Super Kings,Narendra Modi Stadium,Rohit Sharma,23.68,22.59,0.58,23.15,23.14,0
sample_20201224_0095,2020-12-24,Mumbai Indians,Chennai Super Kings,Narendra Modi Stadium,Ishan Kishan,72.14,60.6,1.0,20.12,27.18,0
sample_20201224_0095,2020-12-24,Mumbai Indians,Chennai Super Kings,Narendra Modi Stadium,Suryakumar Yadav,31.6,20.54,1.03,28.72,38.95,0
sample_20201224_0095,2020-12-24,Mumbai Indians,Chennai Super Kings,Narendra Modi Stadium,Hardik Pandya,0.0,1.0,1.22,22.59,25.36,0
sample_20201224_0095,2020-12-24,Mumbai Indians,Chennai Super Kings,Narendra Modi Stadium,Tilak Varma,0.0,1.0,3.12,29.3,23.74,0
sample_20201224_0095,2020-12-24,Mumbai Indians,Chennai Super Kings,Narendra Modi Stadium,Tim David,12.05,7.06,0.0,0.0,0.0,0
sample_20201224_0095,2020-12-24,Chennai Super Kings,Mumbai Indians,Narendra Modi Stadium,Ruturaj Gaikwad,67.94,40.9,1.53,24.49,30.68,1
sample_20201224_0095,2020-12-24,Chennai Super Kings,Mumbai Indians,Narendra Modi Stadium,Devon Conway,8.28,7.35,0.8,23.16,20.11,1
sample_20201224_0095,2020-12-24,Chennai Super Kings,Mumbai Indians,Narendra Modi Stadium,Ajinkya Rahane,36.16,24.57,1.19,19.75,29.86,1
sample_20201224_0095,2020-12-24,Chennai Super Kings,Mumbai Indians,Narendra Modi Stadium,Shivam Dube,15.91,11.4,0.83,20.79,24.46,1
sample_20201224_0095,2020-12-24,Chennai Super Kings,Mumbai Indians,Narendra Modi Stadium,Ravindra Jadeja,21.17,20.91,0.58,21.28,17.64,1
sample_20201224_0095,2020-12-24,Chennai Super Kings,Mumbai Indians,Narendra Modi Stadium,MS Dhoni,26.07,22.23,0.0,0.0,0.0,1
sample_20201225_0096,2020-12-25,Lucknow Super Giants,Chennai Super Kings,Narendra Modi Stadium,KL Rahul,65.49,62.13,0.86,32.25,28.97,0
sample_20201225_0096,2020-12-25,Lucknow Super Giants,Chennai Super Kings,Narendra Modi Stadium,Quinton de Kock,3.9,2.67,2.19,13.14,52.67,0
sample_20201225_0096,2020-12-25,Lucknow Super Giants,Chennai Super Kings,Narendra Modi Stadium,Nicholas Pooran,20.95,12.24,0.0,23.41,25.81,0
sample_20201225_0096,2020-12-25,Lucknow Super Giants,Chennai Super Kings,Narendra Modi Stadium,Marcus Stoinis,35.47,29.46,0.81,28.87,31.87,0
sample_20201225_0096,2020-12-25,Lucknow Super Giants,Chennai Super Kings,Narendra Modi Stadium,Deepak Hooda,14.25,8.23,3.65,27.09,21.16,0
sample_20201225_0096,2020-12-25,Lucknow Super Giants,Chennai Super Kings,Narendra Modi Stadium,Krunal Pandya,18.2,19.42,0.0,0.0,0.0,0
sample_20201225_0096,2020-12-25,Chennai Super Kings,Lucknow Super Giants,Narendra Modi Stadium,Ruturaj Gaikwad,9.9,5.9,2.09,17.48,49.73,1
sample_20201225_0096,2020-12-25,Chennai Super Kings,Lucknow Super Giants,Narendra Modi Stadium,Devon Conway,94.51,97.12,0.81,26.63,22.48,1
sample_20201225_0096,2020-12-25,Chennai Super Kings,Lucknow Super Giants,Narendra Modi Stadium,Ajinkya Rahane,4.34,2.47,3.36,17.48,31.91,1
sample_20201225_0096,2020-12-25,Chennai Super Kings,Lucknow Super Giants,Narendra Modi Stadium,Shivam Dube,16.19,10.16,0.46,29.7,26.95,1
sample_20201225_0096,2020-12-25,Chennai Super Kings,Lucknow Super Giants,Narendra Modi Stadium,Ravindra Jadeja,43.53,38.25,0.0,33.69,24.63,1
sample_20201225_0096,2020-12-25,Chennai Super Kings,Lucknow Super Giants,Narendra Modi Stadium,MS Dhoni,13.49,12.38,0.0,0.0,0.0,1
sample_20201226_0097,2020-12-26,Gujarat Titans,Delhi Capitals,Narendra Modi Stadium,Shubman Gill,17.94,10.55,0.01,26.76,17.23,1
sample_20201226_0097,2020-12-26,Gujarat Titans,Delhi Capitals,Narendra Modi Stadium,Wriddhiman Saha,12.61,9.06,4.49,34.99,23.13,1
sample_20201226_0097,2020-12-26,Gujarat Titans,Delhi Capitals,Narendra Modi Stadium,Sai Sudharsan,44.04,29.81,1.23,22.01,26.7,1
sample_20201226_0097,2020-12-26,Gujarat Titans,Delhi Capitals,Narendra Modi Stadium,David Miller,100.71,85.94,1.12,34.71,50.48,1
sample_20201226_0097,2020-12-26,Gujarat Titans,Delhi Capitals,Narendra Modi Stadium,Rahul Tewatia,13.32,11.89,0.54,15.79,55.13,1
sample_20201226_0097,2020-12-26,Gujarat Titans,Delhi Capitals,Narendra Modi Stadium,Rashid Khan,16.04,9.86,0.0,0.0,0.0,1
sample_20201226_0097,2020-12-26,Delhi Capitals,Gujarat Titans,Narendra Modi Stadium,Rishabh Pant,28.49,22.51,1.64,23.62,41.29,0
sample_20201226_0097,2020-12-26,Delhi Capitals,Gujarat Titans,Narendra Modi Stadium,David Warner,23.23,17.76,1.25,34.41,51.87,0
sample_20201226_0097,2020-12-26,Delhi Capitals,Gujarat Titans,Narendra Modi Stadium,Prithvi Shaw,90.36,59.46,4.38,22.2,50.22,0
sample_20201226_0097,2020-12-26,Delhi Capitals,Gujarat Titans,Narendra Modi Stadium,Jake Fraser-McGurk,6.26,6.0,0.09,35.23,35.92,0
sample_20201226_0097,2020-12-26,Delhi Capitals,Gujarat Titans,Narendra Modi Stadium,Tristan Stubbs,23.33,18.31,0.72,27.11,57.11,0
sample_20201226_0097,2020-12-26,Delhi Capitals,Gujarat Titans,Narendra Modi Stadium,Axar Patel,14.63,11.1,0.0,0.0,0.0,0
sample_20201227_0098,2020-12-27,Sunrisers Hyderabad,Royal Challengers Bengaluru,M Chinnaswamy Stadium,Pat Cummins,41.3,23.23,0.36,21.75,37.76,1
sample_20201227_0098,2020-12-27,Sunrisers Hyderabad,Royal Challengers Bengaluru,M Chinnaswamy Stadium,Travis Head,49.4,48.54,0.64,35.53,30.72,1
sample_20201227_0098,2020-12-27,Sunrisers Hyderabad,Royal Challengers Bengaluru,M Chinnaswamy Stadium,Abhishek Sharma,7.15,5.8,0.0,33.12,29.43,1
sample_20201227_0098,2020-12-27,Sunrisers Hyderabad,Royal Challengers Bengaluru,M Chinnaswamy Stadium,Aiden Markram,41.4,29.46,3.65,27.67,40.91,1
sample_20201227_0098,2020-12-27,Sunrisers Hyderabad,Royal Challengers Bengaluru,M Chinnaswamy Stadium,Heinrich Klaasen,15.28,12.87,1.49,19.45,41.98,1
sample_20201227_0098,2020-12-27,Sunrisers Hyderabad,Royal Challengers Bengaluru,M Chinnaswamy Stadium,Nitish Kumar Reddy,13.45,10.19,0.0,0.0,0.0,1
sample_20201227_0098,2020-12-27,Royal Challengers Bengaluru,Sunrisers Hyderabad,M Chinnaswamy Stadium,Virat Kohli,80.64,70.69,0.48,25.64,43.12,0
sample_20201227_0098,2020-12-27,Royal Challengers Bengaluru,Sunrisers Hyderabad,M Chinnaswamy Stadium,Faf du Plessis,0.0,1.0,0.46,21.6,17.61,0
sample_20201227_0098,2020-12-27,Royal Challengers Bengaluru,Sunrisers Hyderabad,M Chinnaswamy Stadium,Glenn Maxwell,50.15,50.8,2.13,29.52,20.02,0
sample_20201227_0098,2020-12-27,Royal Challengers Bengaluru,Sunrisers Hyderabad,M Chinnaswamy Stadium,Rajat Patidar,24.55,21.14,1.59,26.09,26.2,0
sample_20201227_0098,2020-12-27,Royal Challengers Bengaluru,Sunrisers Hyderabad,M Chinnaswamy Stadium,Cameron Green,5.63,4.52,2.92,34.65,23.5,0
sample_20201227_0098,2020-12-27,Royal Challengers Bengaluru,Sunrisers Hyderabad,M Chinnaswamy Stadium,Dinesh Karthik,9.16,6.3,0.0,0.0,0.0,0
sample_20201228_0099,2020-12-28,Kolkata Knight Riders,Royal Challengers Bengaluru,M Chinnaswamy Stadium,Shreyas Iyer,65.36,41.19,1.56,26.87,33.29,0
sample_20201228_0099,2020-12-28,Kolkata Knight Riders,Royal Challengers Bengaluru,M Chinnaswamy Stadium,Sunil Narine,9.16,6.79,4.17,24.46,30.51,0
sample_20201228_0099,2020-12-28,Kolkata Knight Riders,Royal Challengers Bengaluru,M Chinnaswamy Stadium,Andre Russell,34.27,25.14,0.92,24.88,18.98,0
sample_20201228_0099,2020-12-28,Kolkata Knight Riders,Royal Challengers Bengaluru,M Chinnaswamy Stadium,Rinku Singh,10.42,7.72,0.0,30.95,31.39,0
sample_20201228_0099,2020-12-28,Kolkata Knight Riders,Royal Challengers Bengaluru,M Chinnaswamy Stadium,Venkatesh Iyer,28.03,23.8,0.94,28.56,24.64,0
sample_20201228_0099,2020-12-28,Kolkata Knight Riders,Royal Challengers Bengaluru,M Chinnaswamy Stadium,Phil Salt,24.97,27.11,0.0,0.0,0.0,0
sample_20201228_0099,2020-12-28,Royal Challengers Bengaluru,Kolkata Knight Riders,M Chinnaswamy Stadium,Virat Kohli,11.33,6.47,0.03,21.75,20.98,1
sample_20201228_0099,2020-12-28,Royal Challengers Bengaluru,Kolkata Knight Riders,M Chinnaswamy Stadium,Faf du Plessis,40.37,29.8,0.01,18.9,35.72,1
sample_20201228_0099,2020-12-28,Royal Challengers Bengaluru,Kolkata Knight Riders,M Chinnaswamy Stadium,Glenn Maxwell,60.27,34.05,0.04,15.24,24.13,1
sample_20201228_0099,2020-12-28,Royal Challengers Bengaluru,Kolkata Knight Riders,M Chinnaswamy Stadium,Rajat Patidar,15.93,14.57,0.1,26.8,26.44,1
sample_20201228_0099,2020-12-28,Royal Challengers Bengaluru,Kolkata Knight Riders,M Chinnaswamy Stadium,Cameron Green,10.79,8.86,0.64,24.24,35.33,1
sample_20201228_0099,2020-12-28,Royal Challengers Bengaluru,Kolkata Knight Riders,M Chinnaswamy Stadium,Dinesh Karthik,56.02,59.25,0.0,0.0,0.0,1
sample_20201229_0100,2020-12-29,Punjab Kings,Gujarat Titans,M Chinnaswamy Stadium,Shikhar Dhawan,14.23,11.05,0.29,19.46,36.45,0
sample_20201229_0100,2020-12-29,Punjab Kings,Gujarat Titans,M Chinnaswamy Stadium,Jonny Bairstow,31.89,18.82,0.27,24.69,36.3,0
sample_20201229_0100,2020-12-29,Punjab Kings,Gujarat Titans,M Chinnaswamy Stadium,Liam Livingstone,36.17,23.27,0.91,19.65,28.92,0
sample_20201229_0100,2020-12-29,Punjab Kings,Gujarat Titans,M Chinnaswamy Stadium,Sam Curran,7.4,4.66,0.13,19.02,14.17,0
sample_20201229_0100,2020-12-29,Punjab Kings,Gujarat Titans,M Chinnaswamy Stadium,Jitesh Sharma,68.56,55.77,1.52,24.82,46.4,0
sample_20201229_0100,2020-12-29,Punjab Kings,Gujarat Titans,M Chinnaswamy Stadium,Shashank Singh,13.32,10.56,0.0,0.0,0.0,0
sample_20201229_0100,2020-12-29,Gujarat Titans,Punjab Kings,M Chinnaswamy Stadium,Shubman Gill,0.0,1.0,1.24,22.68,44.96,1
sample_20201229_0100,2020-12-29,Gujarat Titans,Punjab Kings,M Chinnaswamy Stadium,Wriddhiman Saha,73.07,67.96,0.91,32.67,27.98,1
sample_20201229_0100,2020-12-29,Gujarat Titans,Punjab Kings,M Chinnaswamy Stadium,Sai Sudharsan,28.67,20.51,1.65,25.26,54.65,1
sample_20201229_0100,2020-12-29,Gujarat Titans,Punjab Kings,M Chinnaswamy Stadium,David Miller,10.9,11.28,4.55,32.67,21.73,1
sample_20201229_0100,2020-12-29,Gujarat Titans,Punjab Kings,M Chinnaswamy Stadium,Rahul Tewatia,35.99,26.59,0.66,35.82,24.57,1
sample_20201229_0100,2020-12-29,Gujarat Titans,Punjab Kings,M Chinnaswamy Stadium,Rashid Khan,66.27,41.73,0.0,0.0,0.0,1
sample_20201230_0101,2020-12-30,Rajasthan Royals,Chennai Super Kings,MA Chidambaram Stadium,Sanju Samson,9.1,7.36,0.04,26.82,9.39,0
sample_20201230_0101,2020-12-30,Rajasthan Royals,Chennai Super Kings,MA Chidambaram Stadium,Yashasvi Jaiswal,48.28,27.0,0.0,22.75,16.39,0
sample_20201230_0101,2020-12-30,Rajasthan Royals,Chennai Super Kings,MA Chidambaram Stadium,Jos Buttler,14.49,10.34,0.0,14.52,20.66,0
sample_20201230_0101,2020-12-30,Rajasthan Royals,Chennai Super Kings,MA Chidambaram Stadium,Riyan Parag,30.09,24.48,0.32,20.36,19.99,0
sample_20201230_0101,2020-12-30,Rajasthan Royals,Chennai Super Kings,MA Chidambaram Stadium,Shimron Hetmyer,0.73,1.0,2.89,20.03,38.78,0
sample_20201230_0101,2020-12-30,Rajasthan Royals,Chennai Super Kings,MA Chidambaram Stadium,Ravichandran Ashwin,12.07,8.37,0.0,0.0,0.0,0
sample_20201230_0101,2020-12-30,Chennai Super Kings,Rajasthan Royals,MA Chidambaram Stadium,Ruturaj Gaikwad,19.1,15.15,2.27,24.47,23.74,1
sample_20201230_0101,2020-12-30,Chennai Super Kings,Rajasthan Royals,MA Chidambaram Stadium,Devon Conway,10.82,11.56,0.0,27.34,19.6,1
sample_20201230_0101,2020-12-30,Chennai Super Kings,Rajasthan Royals,MA Chidambaram Stadium,Ajinkya Rahane,53.95,57.7,0.94,24.76,39.3,1
sample_20201230_0101,2020-12-30,Chennai Super Kings,Rajasthan Royals,MA Chidambaram Stadium,Shivam Dube,15.78,10.23,4.46,21.45,29.21,1
sample_20201230_0101,2020-12-30,Chennai Super Kings,Rajasthan Royals,MA Chidambaram Stadium,Ravindra Jadeja,16.19,9.97,0.27,25.64,37.77,1
sample_20201230_0101,2020-12-30,Chennai Super Kings,Rajasthan Royals,MA Chidambaram Stadium,MS Dhoni,20.74,15.16,0.0,0.0,0.0,1
sample_20201231_0102,2020-12-31,Royal Challengers Bengaluru,Lucknow Super Giants,MA Chidambaram Stadium,Virat Kohli,73.07,69.84,1.26,21.8,34.09,0
sample_20201231_0102,2020-12-31,Royal Challengers Bengaluru,Lucknow Super Giants,MA Chidambaram Stadium,Faf du Plessis,27.84,15.54,0.36,27.54,30.26,0
sample_20201231_0102,2020-12-31,Royal Challengers Bengaluru,Lucknow Super Giants,MA Chidambaram Stadium,Glenn Maxwell,19.39,12.39,0.47,31.36,43.99,0
sample_20201231_0102,2020-12-31,Royal Challengers Bengaluru,Lucknow Super Giants,MA Chidambaram Stadium,Rajat Patidar,26.3,22.49,0.37,29.21,32.73,0
sample_20201231_0102,2020-12-31,Royal Challengers Bengaluru,Lucknow Super Giants,MA Chidambaram Stadium,Cameron Green,1.9,1.58,0.33,29.03,33.18,0
sample_20201231_0102,2020-12-31,Royal Challengers Bengaluru,Lucknow Super Giants,MA Chidambaram Stadium,Dinesh Karthik,13.96,8.49,0.0,0.0,0.0,0
sample_20201231_0102,2020-12-31,Lucknow Super Giants,Royal Challengers Bengaluru,MA Chidambaram Stadium,KL Rahul,23.97,17.38,3.88,22.88,34.43,1
sample_20201231_0102,2020-12-31,Lucknow Super Giants,Royal Challengers Bengaluru,MA Chidambaram Stadium,Quinton de Kock,95.28,61.95,0.45,27.49,41.41,1
sample_20201231_0102,2020-12-31,Lucknow Super Giants,Royal Challengers Bengaluru,MA Chidambaram Stadium,Nicholas Pooran,23.81,20.35,2.8,31.0,37.66,1
sample_20201231_0102,2020-12-31,Lucknow Super Giants,Royal Challengers Bengaluru,MA Chidambaram Stadium,Marcus Stoinis,0.0,1.0,1.37,25.17,24.35,1
sample_20201231_0102,2020-12-31,Lucknow Super Giants,Royal Challengers Bengaluru,MA Chidambaram Stadium,Deepak Hooda,8.59,6.98,1.74,27.64,37.46,1
sample_20201231_0102,2020-12-31,Lucknow Super Giants,Royal Challengers Bengaluru,MA Chidambaram Stadium,Krunal Pandya,16.66,11.06,0.0,0.0,0.0,1
sample_20210101_0103,2021-01-01,Delhi Capitals,Rajasthan Royals,Arun Jaitley Stadium,Rishabh Pant,4.1,3.6,0.0,29.06,25.5,0
sample_20210101_0103,2021-01-01,Delhi Capitals,Rajasthan Royals,Arun Jaitley Stadium,David Warner,32.94,22.11,1.37,21.36,50.69,0
sample_20210101_0103,2021-01-01,Delhi Capitals,Rajasthan Royals,Arun Jaitley Stadium,Prithvi Shaw,20.24,11.4,1.86,26.61,30.16,0
sample_20210101_0103,2021-01-01,Delhi Capitals,Rajasthan Royals,Arun Jaitley Stadium,Jake Fraser-McGurk,20.4,14.36,0.51,24.81,52.62,0
sample_20210101_0103,2021-01-01,Delhi Capitals,Rajasthan Royals,Arun Jaitley Stadium,Tristan Stubbs,47.37,42.88,3.55,25.51,35.97,0
sample_20210101_0103,2021-01-01,Delhi Capitals,Rajasthan Royals,Arun Jaitley Stadium,Axar Patel,56.38,59.59,0.0,0.0,0.0,0
sample_20210101_0103,2021-01-01,Rajasthan Royals,Delhi Capitals,Arun Jaitley Stadium,Sanju Samson,11.35,8.52,0.54,32.32,40.64,1
sample_20210101_0103,2021-01-01,Rajasthan Royals,Delhi Capitals,Arun Jaitley Stadium,Yashasvi Jaiswal,107.5,78.36,2.36,24.44,34.3,1
sample_20210101_0103,2021-01-01,Rajasthan Royals,Delhi Capitals,Arun Jaitley Stadium,Jos Buttler,17.3,11.17,2.31,25.51,38.24,1
sample_20210101_0103,2021-01-01,Rajasthan Royals,Delhi Capitals,Arun Jaitley Stadium,Riyan Parag,15.05,9.42,0.06,28.26,27.14,1
sample_20210101_0103,2021-01-01,Rajasthan Royals,Delhi Capitals,Arun Jaitley Stadium,Shimron Hetmyer,4.78,3.85,0.0,17.57,46.36,1
sample_20210101_0103,2021-01-01,Rajasthan Royals,Delhi Capitals,Arun Jaitley Stadium,Ravichandran Ashwin,20.24,12.35,0.0,0.0,0.0,1
sample_20210102_0104,2021-01-02,Kolkata Knight Riders,Mumbai Indians,Narendra Modi Stadium,Shreyas Iyer,60.88,66.39,0.51,25.07,33.85,1
sample_20210102_0104,2021-01-02,Kolkata Knight Riders,Mumbai Indians,Narendra Modi Stadium,Sunil Narine,0.84,1.0,0.0,14.62,34.29,1
sample_20210102_0104,2021-01-02,Kolkata Knight Riders,Mumbai Indians,Narendra Modi Stadium,Andre Russell,13.04,12.58,1.03,27.9,37.34,1
sample_20210102_0104,2021-01-02,Kolkata Knight Riders,Mumbai Indians,Narendra Modi Stadium,Rinku Singh,15.61,10.26,1.27,19.28,39.14,1
sample_20210102_0104,2021-01-02,Kolkata Knight Riders,Mumbai Indians,Narendra Modi Stadium,Venkatesh Iyer,11.94,9.41,0.58,18.38,47.18,1
sample_20210102_0104,2021-01-02,Kolkata Knight Riders,Mumbai Indians,Narendra Modi Stadium,Phil Salt,78.24,48.98,0.0,0.0,0.0,1
sample_20210102_0104,2021-01-02,Mumbai Indians,Kolkata Knight Riders,Narendra Modi Stadium,Rohit Sharma,31.74,18.36,0.21,17.27,41.67,0
sample_20210102_0104,2021-01-02,Mumbai Indians,Kolkata Knight Riders,Narendra Modi Stadium,Ishan Kishan,0.0,1.0,2.19,29.44,31.99,0
sample_20210102_0104,2021-01-02,Mumbai Indians,Kolkata Knight Riders,Narendra Modi Stadium,Suryakumar Yadav,46.55,29.8,0.61,18.21,35.99,0
sample_20210102_0104,2021-01-02,Mumbai Indians,Kolkata Knight Riders,Narendra Modi Stadium,Hardik Pandya,77.99,81.57,0.15,34.05,29.81,0
sample_20210102_0104,2021-01-02,Mumbai Indians,Kolkata Knight Riders,Narendra Modi Stadium,Tilak Varma,19.56,19.09,0.71,24.44,48.83,0
sample_20210102_0104,2021-01-02,Mumbai Indians,Kolkata Knight Riders,Narendra Modi Stadium,Tim David,14.67,13.5,0.0,0.0,0.0,0
sample_20210103_0105,2021-01-03,Sunrisers Hyderabad,Punjab Kings,Narendra Modi Stadium,Pat Cummins,16.82,9.55,2.84,21.32,49.09,1
sample_20210103_0105,2021-01-03,Sunrisers Hyderabad,Punjab Kings,Narendra Modi Stadium,Travis Head,2.69,2.04,1.49,27.26,32.64,1
sample_20210103_0105,2021-01-03,Sunrisers Hyderabad,Punjab Kings,Narendra Modi Stadium,Abhishek Sharma,26.12,18.93,0.06,30.31,54.36,1
sample_20210103_0105,2021-01-03,Sunrisers Hyderabad,Punjab Kings,Narendra Modi Stadium,Aiden Markram,40.01,28.75,1.49,26.33,28.03,1
sample_20210103_0105,2021-01-03,Sunrisers Hyderabad,Punjab Kings,Narendra Modi Stadium,Heinrich Klaasen,36.75,24.37,1.05,22.53,37.09,1
sample_20210103_0105,2021-01-03,Sunrisers Hyderabad,Punjab Kings,Narendra Modi Stadium,Nitish Kumar Reddy,69.51,41.36,0.0,0.0,0.0,1
sample_20210103_0105,2021-01-03,Punjab Kings,Sunrisers Hyderabad,Narendra Modi Stadium,Shikhar Dhawan,46.51,30.75,0.04,25.06,29.57,0
sample_20210103_0105,2021-01-03,Punjab Kings,Sunrisers Hyderabad,Narendra Modi Stadium,Jonny Bairstow,41.04,25.28,3.22,22.98,25.03,0
sample_20210103_0105,2021-01-03,Punjab Kings,Sunrisers Hyderabad,Narendra Modi Stadium,Liam Livingstone,55.69,48.94,0.0,17.23,49.04,0
sample_20210103_0105,2021-01-03,Punjab Kings,Sunrisers Hyderabad,Narendra Modi Stadium,Sam Curran,14.06,10.52,1.36,32.33,41.13,0
sample_20210103_0105,2021-01-03,Punjab Kings,Sunrisers Hyderabad,Narendra Modi Stadium,Jitesh Sharma,0.27,1.0,2.0,30.88,35.05,0
sample_20210103_0105,2021-01-03,Punjab Kings,Sunrisers Hyderabad,Narendra Modi Stadium,Shashank Singh,31.26,27.16,0.0,0.0,0.0,0
sample_20210104_0106,2021-01-04,Rajasthan Royals,Kolkata Knight Riders,M Chinnaswamy Stadium,Sanju Samson,25.92,17.04,1.87,32.22,43.15,1
sample_20210104_0106,2021-01-04,Rajasthan Royals,Kolkata Knight Riders,M Chinnaswamy Stadium,Yashasvi Jaiswal,17.12,12.77,0.83,25.2,33.86,1
sample_20210104_0106,2021-01-04,Rajasthan Royals,Kolkata Knight Riders,M Chinnaswamy Stadium,Jos Buttler,17.39,13.06,0.34,15.94,50.91,1
sample_20210104_0106,2021-01-04,Rajasthan Royals,Kolkata Knight Riders,M Chinnaswamy Stadium,Riyan Parag,16.83,11.98,0.31,21.22,56.55,1
sample_20210104_0106,2021-01-04,Rajasthan Royals,Kolkata Knight Riders,M Chinnaswamy Stadium,Shimron Hetmyer,97.41,55.95,2.65,21.36,48.83,1
sample_20210104_0106,2021-01-04,Rajasthan Royals,Kolkata Knight Riders,M Chinnaswamy Stadium,Ravichandran Ashwin,43.54,28.1,0.0,0.0,0.0,1
sample_20210104_0106,2021-01-04,Kolkata Knight Riders,Rajasthan Royals,M Chinnaswamy Stadium,Shreyas Iyer,10.1,8.72,2.49,24.47,36.26,0
sample_20210104_0106,2021-01-04,Kolkata Knight Riders,Rajasthan Royals,M Chinnaswamy Stadium,Sunil Narine,23.65,16.7,2.56,28.18,42.63,0
sample_20210104_0106,2021-01-04,Kolkata Knight Riders,Rajasthan Royals,M Chinnaswamy Stadium,Andre Russell,0.0,1.0,0.09,16.59,39.52,0
sample_20210104_0106,2021-01-04,Kolkata Knight Riders,Rajasthan Royals,M Chinnaswamy Stadium,Rinku Singh,20.26,11.88,3.41,15.95,40.75,0
sample_20210104_0106,2021-01-04,Kolkata Knight Riders,Rajasthan Royals,M Chinnaswamy Stadium,Venkatesh Iyer,54.64,43.53,1.53,19.41,40.78,0
sample_20210104_0106,2021-01-04,Kolkata Knight Riders,Rajasthan Royals,M Chinnaswamy Stadium,Phil Salt,93.32,77.09,0.0,0.0,0.0,0
sample_20210105_0107,2021-01-05,Royal Challengers Bengaluru,Rajasthan Royals,Wankhede Stadium,Virat Kohli,37.36,30.83,1.05,23.1,47.49,1
sample_20210105_0107,2021-01-05,Royal Challengers Bengaluru,Rajasthan Royals,Wankhede Stadium,Faf du Plessis,11.79,9.08,1.04,15.32,46.93,1
sample_20210105_0107,2021-01-05,Royal Challengers Bengaluru,Rajasthan Royals,Wankhede Stadium,Glenn Maxwell,90.51,80.04,1.23,30.29,34.81,1
sample_20210105_0107,2021-01-05,Royal Challengers Bengaluru,Rajasthan Royals,Wankhede Stadium,Rajat Patidar,26.73,20.08,1.08,28.52,32.19,1
sample_20210105_0107,2021-01-05,Royal Challengers Bengaluru,Rajasthan Royals,Wankhede Stadium,Cameron Green,2.8,2.59,1.44,24.67,34.55,1
sample_20210105_0107,2021-01-05,Royal Challengers Bengaluru,Rajasthan Royals,Wankhede Stadium,Dinesh Karthik,36.59,26.43,0.0,0.0,0.0,1
sample_20210105_0107,2021-01-05,Rajasthan Royals,Royal Challengers Bengaluru,Wankhede Stadium,Sanju Samson,11.67,6.71,1.56,14.7,30.73,0
sample_20210105_0107,2021-01-05,Rajasthan Royals,Royal Challengers Bengaluru,Wankhede Stadium,Yashasvi Jaiswal,51.46,33.71,1.27,20.55,27.57,0
sample_20210105_0107,2021-01-05,Rajasthan Royals,Royal Challengers Bengaluru,Wankhede Stadium,Jos Buttler,0.96,1.0,0.2,23.07,44.49,0
sample_20210105_0107,2021-01-05,Rajasthan Royals,Royal Challengers Bengaluru,Wankhede Stadium,Riyan Parag,40.97,28.17,0.05,26.67,30.0,0
sample_20210105_0107,2021-01-05,Rajasthan Royals,Royal Challengers Bengaluru,Wankhede Stadium,Shimron Hetmyer,12.13,8.49,3.78,28.73,35.94,0
sample_20210105_0107,2021-01-05,Rajasthan Royals,Royal Challengers Bengaluru,Wankhede Stadium,Ravichandran Ashwin,51.21,45.79,0.0,0.0,0.0,0
sample_20210106_0108,2021-01-06,Lucknow Super Giants,Kolkata Knight Riders,Arun Jaitley Stadium,KL Rahul,1.67,1.68,1.19,16.01,30.15,0
sample_20210106_0108,2021-01-06,Lucknow Super Giants,Kolkata Knight Riders,Arun Jaitley Stadium,Quinton de Kock,13.2,11.03,0.0,17.49,47.29,0
sample_20210106_0108,2021-01-06,Lucknow Super Giants,Kolkata Knight Riders,Arun Jaitley Stadium,Nicholas Pooran,48.2,36.37,1.26,20.92,14.29,0
sample_20210106_0108,2021-01-06,Lucknow Super Giants,Kolkata Knight Riders,Arun Jaitley Stadium,Marcus Stoinis,47.43,31.35,0.37,20.67,31.65,0
sample_20210106_0108,2021-01-06,Lucknow Super Giants,Kolkata Knight Riders,Arun Jaitley Stadium,Deepak Hooda,38.09,37.2,0.16,12.97,24.19,0
sample_20210106_0108,2021-01-06,Lucknow Super Giants,Kolkata Knight Riders,Arun Jaitley Stadium,Krunal Pandya,7.11,4.02,0.0,0.0,0.0,0
sample_20210106_0108,2021-01-06,Kolkata Knight Riders,Lucknow Super Giants,Arun Jaitley Stadium,Shreyas Iyer,3.96,2.23,3.17,26.59,38.36,1
sample_20210106_0108,2021-01-06,Kolkata Knight Riders,Lucknow Super Giants,Arun Jaitley Stadium,Sunil Narine,2.8,2.69,1.55,21.24,37.81,1
sample_20210106_0108,2021-01-06,Kolkata Knight Riders,Lucknow Super Giants,Arun Jaitley Stadium,Andre Russell,77.21,51.9,3.36,22.1,27.07,1
sample_20210106_0108,2021-01-06,Kolkata Knight Riders,Lucknow Super Giants,Arun Jaitley Stadium,Rinku Singh,0.0,1.0,1.58,26.53,38.13,1
sample_20210106_0108,2021-01-06,Kolkata Knight Riders,Lucknow Super Giants,Arun Jaitley Stadium,Venkatesh Iyer,34.86,26.25,0.98,16.19,31.64,1
sample_20210106_0108,2021-01-06,Kolkata Knight Riders,Lucknow Super Giants,Arun Jaitley Stadium,Phil Salt,43.36,29.19,0.0,0.0,0.0,1
sample_20210107_0109,2021-01-07,Rajasthan Royals,Sunrisers Hyderabad,M Chinnaswamy Stadium,Sanju Samson,77.02,51.79,1.59,26.35,39.34,1
sample_20210107_0109,2021-01-07,Rajasthan Royals,Sunrisers Hyderabad,M Chinnaswamy Stadium,Yashasvi Jaiswal,26.41,23.82,0.55,21.88,30.28,1
sample_20210107_0109,2021-01-07,Rajasthan Royals,Sunrisers Hyderabad,M Chinnaswamy Stadium,Jos Buttler,0.0,1.0,0.28,25.6,47.86,1
sample_20210107_0109,2021-01-07,Rajasthan Royals,Sunrisers Hyderabad,M Chinnaswamy Stadium,Riyan Parag,41.39,24.86,3.43,27.85,29.62,1
sample_20210107_0109,2021-01-07,Rajasthan Royals,Sunrisers Hyderabad,M Chinnaswamy Stadium,Shimron Hetmyer,9.66,10.35,1.78,22.84,34.18,1
sample_20210107_0109,2021-01-07,Rajasthan Royals,Sunrisers Hyderabad,M Chinnaswamy Stadium,Ravichandran Ashwin,25.27,14.61,0.0,0.0,0.0,1
sample_20210107_0109,2021-01-07,Sunrisers Hyderabad,Rajasthan Royals,M Chinnaswamy Stadium,Pat Cummins,17.49,13.71,0.01,30.88,31.78,0
sample_20210107_0109,2021-01-07,Sunrisers Hyderabad,Rajasthan Royals,M Chinnaswamy Stadium,Travis Head,15.21,9.2,2.29,16.19,30.46,0
sample_20210107_0109,2021-01-07,Sunrisers Hyderabad,Rajasthan Royals,M Chinnaswamy Stadium,Abhishek Sharma,30.29,17.4,1.26,29.55,33.14,0
sample_20210107_0109,2021-01-07,Sunrisers Hyderabad,Rajasthan Royals,M Chinnaswamy Stadium,Aiden Markram,66.59,71.4,0.95,23.96,25.18,0
sample_20210107_0109,2021-01-07,Sunrisers Hyderabad,Rajasthan Royals,M Chinnaswamy Stadium,Heinrich Klaasen,3.67,2.22,0.26,17.01,49.08,0
sample_20210107_0109,2021-01-07,Sunrisers Hyderabad,Rajasthan Royals,M Chinnaswamy Stadium,Nitish Kumar Reddy,18.62,11.57,0.0,0.0,0.0,0
sample_20210108_0110,2021-01-08,Royal Challengers Bengaluru,Rajasthan Royals,Wankhede Stadium,Virat Kohli,9.71,6.88,0.0,22.86,31.37,0
sample_20210108_0110,2021-01-08,Royal Challengers Bengaluru,Rajasthan Royals,Wankhede Stadium,Faf du Plessis,11.19,11.23,0.0,21.71,29.58,0
sample_20210108_0110,2021-01-08,Royal Challengers Bengaluru,Rajasthan Royals,Wankhede Stadium,Glenn Maxwell,64.2,35.97,4.52,34.78,41.02,0
sample_20210108_0110,2021-01-08,Royal Challengers Bengaluru,Rajasthan Royals,Wankhede Stadium,Rajat Patidar,27.95,24.18,2.95,21.88,42.99,0
sample_20210108_0110,2021-01-08,Royal Challengers Bengaluru,Rajasthan Royals,Wankhede Stadium,Cameron Green,13.2,7.37,0.0,26.73,46.66,0
sample_20210108_0110,2021-01-08,Royal Challengers Bengaluru,Rajasthan Royals,Wankhede Stadium,Dinesh Karthik,39.16,28.19,0.0,0.0,0.0,0
sample_20210108_0110,2021-01-08,Rajasthan Royals,Royal Challengers Bengaluru,Wankhede Stadium,Sanju Samson,8.39,6.24,1.71,19.27,45.41,1
sample_20210108_0110,2021-01-08,Rajasthan Royals,Royal Challengers Bengaluru,Wankhede Stadium,Yashasvi Jaiswal,21.82,12.51,0.0,20.75,47.15,1
sample_20210108_0110,2021-01-08,Rajasthan Royals,Royal Challengers Bengaluru,Wankhede Stadium,Jos Buttler,89.76,53.88,0.42,29.56,57.83,1
sample_20210108_0110,2021-01-08,Rajasthan Royals,Royal Challengers Bengaluru,Wankhede Stadium,Riyan Parag,25.97,19.65,0.5,30.22,30.34,1
sample_20210108_0110,2021-01-08,Rajasthan Royals,Royal Challengers Bengaluru,Wankhede Stadium,Shimron Hetmyer,6.17,5.75,0.01,22.77,30.14,1
sample_20210108_0110,2021-01-08,Rajasthan Royals,Royal Challengers Bengaluru,Wankhede Stadium,Ravichandran Ashwin,26.34,26.3,0.0,0.0,0.0,1
sample_20210109_0111,2021-01-09,Royal Challengers Bengaluru,Punjab Kings,Arun Jaitley Stadium,Virat Kohli,25.65,28.1,3.15,31.08,26.66,0
sample_20210109_0111,2021-01-09,Royal Challengers Bengaluru,Punjab Kings,Arun Jaitley Stadium,Faf du Plessis,6.99,5.81,0.0,22.66,7.39,0
sample_20210109_0111,2021-01-09,Royal Challengers Bengaluru,Punjab Kings,Arun Jaitley Stadium,Glenn Maxwell,7.88,6.76,2.08,21.54,49.16,0
sample_20210109_0111,2021-01-09,Royal Challengers Bengaluru,Punjab Kings,Arun Jaitley Stadium,Rajat Patidar,14.26,9.46,0.57,18.57,25.96,0
sample_20210109_0111,2021-01-09,Royal Challengers Bengaluru,Punjab Kings,Arun Jaitley Stadium,Cameron Green,46.1,42.93,1.22,19.8,24.37,0
sample_20210109_0111,2021-01-09,Royal Challengers Bengaluru,Punjab Kings,Arun Jaitley Stadium,Dinesh Karthik,57.16,39.43,0.0,0.0,0.0,0
sample_20210109_0111,2021-01-09,Punjab Kings,Royal Challengers Bengaluru,Arun Jaitley Stadium,Shikhar Dhawan,12.34,8.37,0.33,17.49,29.47,1
sample_20210109_0111,2021-01-09,Punjab Kings,Royal Challengers Bengaluru,Arun Jaitley Stadium,Jonny Bairstow,48.05,37.98,1.02,18.18,47.47,1
sample_20210109_0111,2021-01-09,Punjab Kings,Royal Challengers Bengaluru,Arun Jaitley Stadium,Liam Livingstone,18.5,14.4,0.93,21.38,32.14,1
sample_20210109_0111,2021-01-09,Punjab Kings,Royal Challengers Bengaluru,Arun Jaitley Stadium,Sam Curran,51.37,42.98,0.36,27.41,11.94,1
sample_20210109_0111,2021-01-09,Punjab Kings,Royal Challengers Bengaluru,Arun Jaitley Stadium,Jitesh Sharma,24.6,19.51,0.0,22.64,40.94,1
sample_20210109_0111,2021-01-09,Punjab Kings,Royal Challengers Bengaluru,Arun Jaitley Stadium,Shashank Singh,15.17,15.39,0.0,0.0,0.0,1
sample_20210110_0112,2021-01-10,Royal Challengers Bengaluru,Punjab Kings,M Chinnaswamy Stadium,Virat Kohli,27.49,24.23,1.13,27.32,15.16,1
sample_20210110_0112,2021-01-10,Royal Challengers Bengaluru,Punjab Kings,M Chinnaswamy Stadium,Faf du Plessis,32.91,29.59,0.08,31.38,24.2,1
sample_20210110_0112,2021-01-10,Royal Challengers Bengaluru,Punjab Kings,M Chinnaswamy Stadium,Glenn Maxwell,8.57,5.43,0.33,23.45,18.51,1
sample_20210110_0112,2021-01-10,Royal Challengers Bengaluru,Punjab Kings,M Chinnaswamy Stadium,Rajat Patidar,42.5,24.17,0.75,23.61,33.07,1
sample_20210110_0112,2021-01-10,Royal Challengers Bengaluru,Punjab Kings,M Chinnaswamy Stadium,Cameron Green,33.04,28.2,0.6,22.89,27.25,1
sample_20210110_0112,2021-01-10,Royal Challengers Bengaluru,Punjab Kings,M Chinnaswamy Stadium,Dinesh Karthik,15.99,10.31,0.0,0.0,0.0,1
sample_20210110_0112,2021-01-10,Punjab Kings,Royal Challengers Bengaluru,M Chinnaswamy Stadium,Shikhar Dhawan,53.45,58.72,1.8,32.66,20.91,0
sample_20210110_0112,2021-01-10,Punjab Kings,Royal Challengers Bengaluru,M Chinnaswamy Stadium,Jonny Bairstow,22.31,14.99,1.55,23.12,15.83,0
sample_20210110_0112,2021-01-10,Punjab Kings,Royal Challengers Bengaluru,M Chinnaswamy Stadium,Liam Livingstone,1.96,1.29,0.31,16.44,33.52,0
sample_20210110_0112,2021-01-10,Punjab Kings,Royal Challengers Bengaluru,M Chinnaswamy Stadium,Sam Curran,31.85,33.31,1.4,26.83,20.26,0
sample_20210110_0112,2021-01-10,Punjab Kings,Royal Challengers Bengaluru,M Chinnaswamy Stadium,Jitesh Sharma,19.07,18.95,0.55,20.22,2.1,0
sample_20210110_0112,2021-01-10,Punjab Kings,Royal Challengers Bengaluru,M Chinnaswamy Stadium,Shashank Singh,12.99,11.05,0.0,0.0,0.0,0
sample_20210111_0113,2021-01-11,Delhi Capitals,Lucknow Super Giants,Arun Jaitley Stadium,Rishabh Pant,29.58,20.05,4.71,16.88,22.08,0
sample_20210111_0113,2021-01-11,Delhi Capitals,Lucknow Super Giants,Arun Jaitley Stadium,David Warner,17.51,10.02,2.55,22.64,35.31,0
sample_20210111_0113,2021-01-11,Delhi Capitals,Lucknow Super Giants,Arun Jaitley Stadium,Prithvi Shaw,16.53,13.43,0.63,19.48,44.38,0
sample_20210111_0113,2021-01-11,Delhi Capitals,Lucknow Super Giants,Arun Jaitley Stadium,Jake Fraser-McGurk,54.39,49.5,0.54,26.37,20.23,0
sample_20210111_0113,2021-01-11,Delhi Capitals,Lucknow Super Giants,Arun Jaitley Stadium,Tristan Stubbs,20.97,11.9,1.32,31.47,56.38,0
sample_20210111_0113,2021-01-11,Delhi Capitals,Lucknow Super Giants,Arun Jaitley Stadium,Axar Patel,34.3,25.78,0.0,0.0,0.0,0
sample_20210111_0113,2021-01-11,Lucknow Super Giants,Delhi Capitals,Arun Jaitley Stadium,KL Rahul,11.08,8.46,1.59,19.28,44.34,1
sample_20210111_0113,2021-01-11,Lucknow Super Giants,Delhi Capitals,Arun Jaitley Stadium,Quinton de Kock,30.56,17.07,2.01,22.83,35.36,1
sample_20210111_0113,2021-01-11,Lucknow Super Giants,Delhi Capitals,Arun Jaitley Stadium,Nicholas Pooran,19.41,15.7,1.71,28.27,31.49,1
sample_20210111_0113,2021-01-11,Lucknow Super Giants,Delhi Capitals,Arun Jaitley Stadium,Marcus Stoinis,69.76,45.54,0.56,28.55,29.8,1
sample_20210111_0113,2021-01-11,Lucknow Super Giants,Delhi Capitals,Arun Jaitley Stadium,Deepak Hooda,40.98,23.8,2.16,33.13,24.06,1
sample_20210111_0113,2021-01-11,Lucknow Super Giants,Delhi Capitals,Arun Jaitley Stadium,Krunal Pandya,3.11,1.96,0.0,0.0,0.0,1
sample_20210112_0114,2021-01-12,Kolkata Knight Riders,Gujarat Titans,Arun Jaitley Stadium,Shreyas Iyer,16.69,12.13,0.0,28.45,35.15,1
sample_20210112_0114,2021-01-12,Kolkata Knight Riders,Gujarat Titans,Arun Jaitley Stadium,Sunil Narine,38.94,31.77,1.52,8.78,35.35,1
sample_20210112_0114,2021-01-12,Kolkata Knight Riders,Gujarat Titans,Arun Jaitley Stadium,Andre Russell,13.63,7.9,0.69,13.85,18.42,1
sample_20210112_0114,2021-01-12,Kolkata Knight Riders,Gujarat Titans,Arun Jaitley Stadium,Rinku Singh,54.6,54.55,1.04,24.71,35.23,1
sample_20210112_0114,2021-01-12,Kolkata Knight Riders,Gujarat Titans,Arun Jaitley Stadium,Venkatesh Iyer,11.46,6.96,0.12,30.69,21.1,1
sample_20210112_0114,2021-01-12,Kolkata Knight Riders,Gujarat Titans,Arun Jaitley Stadium,Phil Salt,3.37,1.97,0.0,0.0,0.0,1
sample_20210112_0114,2021-01-12,Gujarat Titans,Kolkata Knight Riders,Arun Jaitley Stadium,Shubman Gill,12.79,11.83,2.52,26.07,33.93,0
sample_20210112_0114,2021-01-12,Gujarat Titans,Kolkata Knight Riders,Arun Jaitley Stadium,Wriddhiman Saha,20.96,15.15,0.68,27.17,35.46,0
sample_20210112_0114,2021-01-12,Gujarat Titans,Kolkata Knight Riders,Arun Jaitley Stadium,Sai Sudharsan,18.78,17.92,1.07,15.33,33.99,0
sample_20210112_0114,2021-01-12,Gujarat Titans,Kolkata Knight Riders,Arun Jaitley Stadium,David Miller,6.67,4.0,1.14,31.67,13.72,0
sample_20210112_0114,2021-01-12,Gujarat Titans,Kolkata Knight Riders,Arun Jaitley Stadium,Rahul Tewatia,84.52,65.13,0.22,25.91,24.05,0
sample_20210112_0114,2021-01-12,Gujarat Titans,Kolkata Knight Riders,Arun Jaitley Stadium,Rashid Khan,0.0,1.0,0.0,0.0,0.0,0
sample_20210113_0115,2021-01-13,Gujarat Titans,Punjab Kings,Wankhede Stadium,Shubman Gill,108.56,82.99,0.75,33.47,33.69,0
sample_20210113_0115,2021-01-13,Gujarat Titans,Punjab Kings,Wankhede Stadium,Wriddhiman Saha,16.56,12.16,0.69,28.58,39.89,0
sample_20210113_0115,2021-01-13,Gujarat Titans,Punjab Kings,Wankhede Stadium,Sai Sudharsan,16.28,12.42,1.3,24.04,26.47,0
sample_20210113_0115,2021-01-13,Gujarat Titans,Punjab Kings,Wankhede Stadium,David Miller,7.31,7.68,2.02,23.56,34.31,0
sample_20210113_0115,2021-01-13,Gujarat Titans,Punjab Kings,Wankhede Stadium,Rahul Tewatia,16.67,12.66,3.25,24.84,28.56,0
sample_20210113_0115,2021-01-13,Gujarat Titans,Punjab Kings,Wankhede Stadium,Rashid Khan,22.9,14.08,0.0,0.0,0.0,0
sample_20210113_0115,2021-01-13,Punjab Kings,Gujarat Titans,Wankhede Stadium,Shikhar Dhawan,5.85,3.77,0.77,12.82,36.99,1
sample_20210113_0115,2021-01-13,Punjab Kings,Gujarat Titans,Wankhede Stadium,Jonny Bairstow,27.55,21.93,0.41,13.89,40.05,1
sample_20210113_0115,2021-01-13,Punjab Kings,Gujarat Titans,Wankhede Stadium,Liam Livingstone,41.01,25.08,0.34,16.64,27.5,1
sample_20210113_0115,2021-01-13,Punjab Kings,Gujarat Titans,Wankhede Stadium,Sam Curran,53.59,34.11,0.3,30.9,51.6,1
sample_20210113_0115,2021-01-13,Punjab Kings,Gujarat Titans,Wankhede Stadium,Jitesh Sharma,0.0,1.0,0.85,15.21,43.46,1
sample_20210113_0115,2021-01-13,Punjab Kings,Gujarat Titans,Wankhede Stadium,Shashank Singh,41.45,44.06,0.0,0.0,0.0,1
sample_20210114_0116,2021-01-14,Sunrisers Hyderabad,Chennai Super Kings,Narendra Modi Stadium,Pat Cummins,12.5,7.0,0.0,20.87,40.45,0
sample_20210114_0116,2021-01-14,Sunrisers Hyderabad,Chennai Super Kings,Narendra Modi Stadium,Travis Head,66.54,50.23,1.9,30.61,46.83,0
sample_20210114_0116,2021-01-14,Sunrisers Hyderabad,Chennai Super Kings,Narendra Modi Stadium,Abhishek Sharma,12.16,10.49,0.71,25.29,42.35,0
sample_20210114_0116,2021-01-14,Sunrisers Hyderabad,Chennai Super Kings,Narendra Modi Stadium,Aiden Markram,13.85,13.04,2.67,20.21,49.43,0
sample_20210114_0116,2021-01-14,Sunrisers Hyderabad,Chennai Super Kings,Narendra Modi Stadium,Heinrich Klaasen,41.2,40.32,1.53,21.55,27.26,0
sample_20210114_0116,2021-01-14,Sunrisers Hyderabad,Chennai Super Kings,Narendra Modi Stadium,Nitish Kumar Reddy,40.61,27.49,0.0,0.0,0.0,0
sample_20210114_0116,2021-01-14,Chennai Super Kings,Sunrisers Hyderabad,Narendra Modi Stadium,Ruturaj Gaikwad,11.93,7.67,0.92,23.64,53.14,1
sample_20210114_0116,2021-01-14,Chennai Super Kings,Sunrisers Hyderabad,Narendra Modi Stadium,Devon Conway,55.5,31.4,4.99,19.6,29.1,1
sample_20210114_0116,2021-01-14,Chennai Super Kings,Sunrisers Hyderabad,Narendra Modi Stadium,Ajinkya Rahane,36.17,29.24,0.0,22.82,38.34,1
sample_20210114_0116,2021-01-14,Chennai Super Kings,Sunrisers Hyderabad,Narendra Modi Stadium,Shivam Dube,50.52,29.68,1.31,26.74,34.98,1
sample_20210114_0116,2021-01-14,Chennai Super Kings,Sunrisers Hyderabad,Narendra Modi Stadium,Ravindra Jadeja,58.64,44.98,2.49,28.15,40.0,1
sample_20210114_0116,2021-01-14,Chennai Super Kings,Sunrisers Hyderabad,Narendra Modi Stadium,MS Dhoni,1.98,1.14,0.0,0.0,0.0,1
sample_20210115_0117,2021-01-15,Delhi Capitals,Gujarat Titans,Wankhede Stadium,Rishabh Pant,16.56,16.45,0.42,19.01,39.47,0
sample_20210115_0117,2021-01-15,Delhi Capitals,Gujarat Titans,Wankhede Stadium,David Warner,33.33,18.58,1.25,17.33,18.68,0
sample_20210115_0117,2021-01-15,Delhi Capitals,Gujarat Titans,Wankhede Stadium,Prithvi Shaw,16.07,12.82,1.12,29.53,26.87,0
sample_20210115_0117,2021-01-15,Delhi Capitals,Gujarat Titans,Wankhede Stadium,Jake Fraser-McGurk,56.64,55.82,2.15,14.86,44.71,0
sample_20210115_0117,2021-01-15,Delhi Capitals,Gujarat Titans,Wankhede Stadium,Tristan Stubbs,32.89,18.47,0.8,19.87,24.03,0
sample_20210115_0117,2021-01-15,Delhi Capitals,Gujarat Titans,Wankhede Stadium,Axar Patel,10.86,6.57,0.0,0.0,0.0,0
sample_20210115_0117,2021-01-15,Gujarat Titans,Delhi Capitals,Wankhede Stadium,Shubman Gill,13.16,8.32,2.51,23.27,32.41,1
sample_20210115_0117,2021-01-15,Gujarat Titans,Delhi Capitals,Wankhede Stadium,Wriddhiman Saha,29.19,16.39,3.15,27.81,36.72,1
sample_20210115_0117,2021-01-15,Gujarat Titans,Delhi Capitals,Wankhede Stadium,Sai Sudharsan,4.03,3.06,0.0,30.58,36.3,1
sample_20210115_0117,2021-01-15,Gujarat Titans,Delhi Capitals,Wankhede Stadium,David Miller,23.69,15.31,2.34,13.54,33.15,1
sample_20210115_0117,2021-01-15,Gujarat Titans,Delhi Capitals,Wankhede Stadium,Rahul Tewatia,84.6,66.01,1.36,33.51,21.24,1
sample_20210115_0117,2021-01-15,Gujarat Titans,Delhi Capitals,Wankhede Stadium,Rashid Khan,9.53,7.67,0.0,0.0,0.0,1
sample_20210116_0118,2021-01-16,Kolkata Knight Riders,Gujarat Titans,Eden Gardens,Shreyas Iyer,54.02,47.05,1.26,26.51,40.66,0
sample_20210116_0118,2021-01-16,Kolkata Knight Riders,Gujarat Titans,Eden Gardens,Sunil Narine,25.98,14.9,1.38,34.55,24.5,0
sample_20210116_0118,2021-01-16,Kolkata Knight Riders,Gujarat Titans,Eden Gardens,Andre Russell,28.56,18.4,0.86,27.6,52.27,0
sample_20210116_0118,2021-01-16,Kolkata Knight Riders,Gujarat Titans,Eden Gardens,Rinku Singh,56.18,56.09,0.66,30.64,28.89,0
sample_20210116_0118,2021-01-16,Kolkata Knight Riders,Gujarat Titans,Eden Gardens,Venkatesh Iyer,14.73,9.04,0.48,17.8,35.71,0
sample_20210116_0118,2021-01-16,Kolkata Knight Riders,Gujarat Titans,Eden Gardens,Phil Salt,3.98,3.11,0.0,0.0,0.0,0
sample_20210116_0118,2021-01-16,Gujarat Titans,Kolkata Knight Riders,Eden Gardens,Shubman Gill,52.79,33.21,0.0,16.27,43.28,1
sample_20210116_0118,2021-01-16,Gujarat Titans,Kolkata Knight Riders,Eden Gardens,Wriddhiman Saha,22.56,13.31,0.69,29.02,44.45,1
sample_20210116_0118,2021-01-16,Gujarat Titans,Kolkata Knight Riders,Eden Gardens,Sai Sudharsan,41.75,45.68,0.49,18.58,56.96,1
sample_20210116_0118,2021-01-16,Gujarat Titans,Kolkata Knight Riders,Eden Gardens,David Miller,36.72,33.82,1.09,27.46,25.64,1
sample_20210116_0118,2021-01-16,Gujarat Titans,Kolkata Knight Riders,Eden Gardens,Rahul Tewatia,1.16,1.17,0.83,26.71,38.23,1
sample_20210116_0118,2021-01-16,Gujarat Titans,Kolkata Knight Riders,Eden Gardens,Rashid Khan,35.9,38.6,0.0,0.0,0.0,1
sample_20210117_0119,2021-01-17,Gujarat Titans,Mumbai Indians,MA Chidambaram Stadium,Shubman Gill,20.69,15.98,0.4,25.12,25.71,0
sample_20210117_0119,2021-01-17,Gujarat Titans,Mumbai Indians,MA Chidambaram Stadium,Wriddhiman Saha,44.71,32.26,0.57,31.87,30.38,0
sample_20210117_0119,2021-01-17,Gujarat Titans,Mumbai Indians,MA Chidambaram Stadium,Sai Sudharsan,42.23,26.75,1.61,19.56,34.34,0
sample_20210117_0119,2021-01-17,Gujarat Titans,Mumbai Indians,MA Chidambaram Stadium,David Miller,26.13,16.35,0.74,25.52,31.94,0
sample_20210117_0119,2021-01-17,Gujarat Titans,Mumbai Indians,MA Chidambaram Stadium,Rahul Tewatia,7.42,7.23,2.64,25.56,45.77,0
sample_20210117_0119,2021-01-17,Gujarat Titans,Mumbai Indians,MA Chidambaram Stadium,Rashid Khan,13.12,7.31,0.0,0.0,0.0,0
sample_20210117_0119,2021-01-17,Mumbai Indians,Gujarat Titans,MA Chidambaram Stadium,Rohit Sharma,100.57,90.54,1.04,22.71,30.46,1
sample_20210117_0119,2021-01-17,Mumbai Indians,Gujarat Titans,MA Chidambaram Stadium,Ishan Kishan,5.85,3.39,1.94,29.04,24.14,1
sample_20210117_0119,2021-01-17,Mumbai Indians,Gujarat Titans,MA Chidambaram Stadium,Suryakumar Yadav,4.75,3.35,2.84,26.81,32.28,1
sample_20210117_0119,2021-01-17,Mumbai Indians,Gujarat Titans,MA Chidambaram Stadium,Hardik Pandya,24.02,16.92,0.32,25.07,40.27,1
sample_20210117_0119,2021-01-17,Mumbai Indians,Gujarat Titans,MA Chidambaram Stadium,Tilak Varma,12.37,7.75,0.86,22.4,29.06,1
sample_20210117_0119,2021-01-17,Mumbai Indians,Gujarat Titans,MA Chidambaram Stadium,Tim David,28.41,17.36,0.0,0.0,0.0,1
sample_20210118_0120,2021-01-18,Kolkata Knight Riders,Rajasthan Royals,MA Chidambaram Stadium,Shreyas Iyer,35.63,30.44,0.0,36.09,39.09,1
sample_20210118_0120,2021-01-18,Kolkata Knight Riders,Rajasthan Royals,MA Chidambaram Stadium,Sunil Narine,45.1,47.23,2.46,12.87,40.55,1
sample_20210118_0120,2021-01-18,Kolkata Knight Riders,Rajasthan Royals,MA Chidambaram Stadium,Andre Russell,9.53,5.43,1.23,22.69,36.18,1
sample_20210118_0120,2021-01-18,Kolkata Knight Riders,Rajasthan Royals,MA Chidambaram Stadium,Rinku Singh,24.76,14.64,1.43,16.87,56.26,1
sample_20210118_0120,2021-01-18,Kolkata Knight Riders,Rajasthan Royals,MA Chidambaram Stadium,Venkatesh Iyer,13.23,7.69,2.68,31.65,32.95,1
sample_20210118_0120,2021-01-18,Kolkata Knight Riders,Rajasthan Royals,MA Chidambaram Stadium,Phil Salt,53.72,36.71,0.0,0.0,0.0,1
sample_20210118_0120,2021-01-18,Rajasthan Royals,Kolkata Knight Riders,MA Chidambaram Stadium,Sanju Samson,0.0,1.0,0.29,25.43,30.06,0
sample_20210118_0120,2021-01-18,Rajasthan Royals,Kolkata Knight Riders,MA Chidambaram Stadium,Yashasvi Jaiswal,14.3,10.62,0.64,19.46,9.52,0
sample_20210118_0120,2021-01-18,Rajasthan Royals,Kolkata Knight Riders,MA Chidambaram Stadium,Jos Buttler,108.93,61.37,1.01,36.5,34.33,0
sample_20210118_0120,2021-01-18,Rajasthan Royals,Kolkata Knight Riders,MA Chidambaram Stadium,Riyan Parag,1.61,1.0,1.57,29.24,28.26,0
sample_20210118_0120,2021-01-18,Rajasthan Royals,Kolkata Knight Riders,MA Chidambaram Stadium,Shimron Hetmyer,13.19,8.77,0.12,20.59,28.14,0
sample_20210118_0120,2021-01-18,Rajasthan Royals,Kolkata Knight Riders,MA Chidambaram Stadium,Ravichandran Ashwin,21.15,13.16,0.0,0.0,0.0,0
sample_20210119_0121,2021-01-19,Sunrisers Hyderabad,Delhi Capitals,Eden Gardens,Pat Cummins,7.62,6.15,0.76,33.39,41.48,0
sample_20210119_0121,2021-01-19,Sunrisers Hyderabad,Delhi Capitals,Eden Gardens,Travis Head,37.78,23.93,1.04,19.56,34.74,0
sample_20210119_0121,2021-01-19,Sunrisers Hyderabad,Delhi Capitals,Eden Gardens,Abhishek Sharma,12.54,9.46,1.37,21.68,30.28,0
sample_20210119_0121,2021-01-19,Sunrisers Hyderabad,Delhi Capitals,Eden Gardens,Aiden Markram,41.55,24.97,0.34,28.62,32.22,0
sample_20210119_0121,2021-01-19,Sunrisers Hyderabad,Delhi Capitals,Eden Gardens,Heinrich Klaasen,4.82,4.12,1.11,27.79,38.8,0
sample_20210119_0121,2021-01-19,Sunrisers Hyderabad,Delhi Capitals,Eden Gardens,Nitish Kumar Reddy,92.28,60.05,0.0,0.0,0.0,0
sample_20210119_0121,2021-01-19,Delhi Capitals,Sunrisers Hyderabad,Eden Gardens,Rishabh Pant,64.08,39.43,1.04,26.54,40.08,1
sample_20210119_0121,2021-01-19,Delhi Capitals,Sunrisers Hyderabad,Eden Gardens,David Warner,5.33,3.09,2.77,31.16,36.66,1
sample_20210119_0121,2021-01-19,Delhi Capitals,Sunrisers Hyderabad,Eden Gardens,Prithvi Shaw,14.16,10.07,4.62,24.75,54.43,1
sample_20210119_0121,2021-01-19,Delhi Capitals,Sunrisers Hyderabad,Eden Gardens,Jake Fraser-McGurk,31.39,17.72,0.62,25.29,30.18,1
sample_20210119_0121,2021-01-19,Delhi Capitals,Sunrisers Hyderabad,Eden Gardens,Tristan Stubbs,61.28,43.72,0.46,29.1,44.69,1
sample_20210119_0121,2021-01-19,Delhi Capitals,Sunrisers Hyderabad,Eden Gardens,Axar Patel,9.35,9.16,0.0,0.0,0.0,1
sample_20210120_0122,2021-01-20,Kolkata Knight Riders,Rajasthan Royals,MA Chidambaram Stadium,Shreyas Iyer,32.63,18.86,0.5,28.46,32.94,1
sample_20210120_0122,2021-01-20,Kolkata Knight Riders,Rajasthan Royals,MA Chidambaram Stadium,Sunil Narine,11.13,6.7,0.32,20.8,40.06,1
sample_20210120_0122,2021-01-20,Kolkata Knight Riders,Rajasthan Royals,MA Chidambaram Stadium,Andre Russell,73.36,74.61,1.55,28.29,44.66,1
sample_20210120_0122,2021-01-20,Kolkata Knight Riders,Rajasthan Royals,MA Chidambaram Stadium,Rinku Singh,48.11,30.99,2.31,24.09,44.21,1
sample_20210120_0122,2021-01-20,Kolkata Knight Riders,Rajasthan Royals,MA Chidambaram Stadium,Venkatesh Iyer,2.37,2.21,0.0,25.79,53.62,1
sample_20210120_0122,2021-01-20,Kolkata Knight Riders,Rajasthan Royals,MA Chidambaram Stadium,Phil Salt,13.74,12.04,0.0,0.0,0.0,1
sample_20210120_0122,2021-01-20,Rajasthan Royals,Kolkata Knight Riders,MA Chidambaram Stadium,Sanju Samson,83.65,55.53,0.71,19.98,16.83,0
sample_20210120_0122,2021-01-20,Rajasthan Royals,Kolkata Knight Riders,MA Chidambaram Stadium,Yashasvi Jaiswal,37.96,26.31,0.7,26.75,41.87,0
sample_20210120_0122,2021-01-20,Rajasthan Royals,Kolkata Knight Riders,MA Chidambaram Stadium,Jos Buttler,27.47,16.29,2.58,29.91,55.09,0
sample_20210120_0122,2021-01-20,Rajasthan Royals,Kolkata Knight Riders,MA Chidambaram Stadium,Riyan Parag,15.59,14.58,4.62,24.21,37.1,0
sample_20210120_0122,2021-01-20,Rajasthan Royals,Kolkata Knight Riders,MA Chidambaram Stadium,Shimron Hetmyer,0.0,1.0,0.63,17.24,35.5,0
sample_20210120_0122,2021-01-20,Rajasthan Royals,Kolkata Knight Riders,MA Chidambaram Stadium,Ravichandran Ashwin,12.81,8.25,0.0,0.0,0.0,0
sample_20210121_0123,2021-01-21,Lucknow Super Giants,Kolkata Knight Riders,Eden Gardens,KL Rahul,9.95,8.48,0.78,38.85,25.25,0
sample_20210121_0123,2021-01-21,Lucknow Super Giants,Kolkata Knight Riders,Eden Gardens,Quinton de Kock,5.21,3.03,1.05,28.39,30.09,0
sample_20210121_0123,2021-01-21,Lucknow Super Giants,Kolkata Knight Riders,Eden Gardens,Nicholas Pooran,7.02,6.44,1.77,20.54,30.46,0
sample_20210121_0123,2021-01-21,Lucknow Super Giants,Kolkata Knight Riders,Eden Gardens,Marcus Stoinis,46.2,43.14,2.03,25.82,35.76,0
sample_20210121_0123,2021-01-21,Lucknow Super Giants,Kolkata Knight Riders,Eden Gardens,Deepak Hooda,63.21,40.33,0.86,29.69,42.07,0
sample_20210121_0123,2021-01-21,Lucknow Super Giants,Kolkata Knight Riders,Eden Gardens,Krunal Pandya,7.67,4.88,0.0,0.0,0.0,0
sample_20210121_0123,2021-01-21,Kolkata Knight Riders,Lucknow Super Giants,Eden Gardens,Shreyas Iyer,57.19,36.22,0.88,21.04,41.3,1
sample_20210121_0123,2021-01-21,Kolkata Knight Riders,Lucknow Super Giants,Eden Gardens,Sunil Narine,88.88,51.59,0.09,25.27,19.12,1
sample_20210121_0123,2021-01-21,Kolkata Knight Riders,Lucknow Super Giants,Eden Gardens,Andre Russell,3.26,2.14,3.13,24.19,21.53,1
sample_20210121_0123,2021-01-21,Kolkata Knight Riders,Lucknow Super Giants,Eden Gardens,Rinku Singh,5.27,3.44,0.81,26.73,11.52,1
sample_20210121_0123,2021-01-21,Kolkata Knight Riders,Lucknow Super Giants,Eden Gardens,Venkatesh Iyer,0.0,1.0,0.08,26.51,13.17,1
sample_20210121_0123,2021-01-21,Kolkata Knight Riders,Lucknow Super Giants,Eden Gardens,Phil Salt,0.78,1.0,0.0,0.0,0.0,1
sample_20210122_0124,2021-01-22,Sunrisers Hyderabad,Rajasthan Royals,Eden Gardens,Pat Cummins,55.33,46.99,0.54,24.13,47.4,0
sample_20210122_0124,2021-01-22,Sunrisers Hyderabad,Rajasthan Royals,Eden Gardens,Travis Head,18.0,14.71,1.03,26.41,50.26,0
sample_20210122_0124,2021-01-22,Sunrisers Hyderabad,Rajasthan Royals,Eden Gardens,Abhishek Sharma,23.0,13.57,1.39,30.97,30.97,0
sample_20210122_0124,2021-01-22,Sunrisers Hyderabad,Rajasthan Royals,Eden Gardens,Aiden Markram,16.12,12.22,0.0,21.93,32.5,0
sample_20210122_0124,2021-01-22,Sunrisers Hyderabad,Rajasthan Royals,Eden Gardens,Heinrich Klaasen,83.32,51.35,1.48,20.99,38.29,0
sample_20210122_0124,2021-01-22,Sunrisers Hyderabad,Rajasthan Royals,Eden Gardens,Nitish Kumar Reddy,28.39,18.31,0.0,0.0,0.0,0
sample_20210122_0124,2021-01-22,Rajasthan Royals,Sunrisers Hyderabad,Eden Gardens,Sanju Samson,22.54,14.22,0.73,22.89,56.4,1
sample_20210122_0124,2021-01-22,Rajasthan Royals,Sunrisers Hyderabad,Eden Gardens,Yashasvi Jaiswal,70.55,59.38,0.67,19.51,52.88,1
sample_20210122_0124,2021-01-22,Rajasthan Royals,Sunrisers Hyderabad,Eden Gardens,Jos Buttler,31.98,29.53,0.66,25.3,49.01,1
sample_20210122_0124,2021-01-22,Rajasthan Royals,Sunrisers Hyderabad,Eden Gardens,Riyan Parag,26.75,22.64,0.0,29.28,59.72,1
sample_20210122_0124,2021-01-22,Rajasthan Royals,Sunrisers Hyderabad,Eden Gardens,Shimron Hetmyer,36.23,38.5,0.46,27.0,39.09,1
sample_20210122_0124,2021-01-22,Rajasthan Royals,Sunrisers Hyderabad,Eden Gardens,Ravichandran Ashwin,17.91,10.68,0.0,0.0,0.0,1
sample_20210123_0125,2021-01-23,Royal Challengers Bengaluru,Mumbai Indians,M Chinnaswamy Stadium,Virat Kohli,12.41,11.97,0.25,8.37,32.4,1
sample_20210123_0125,2021-01-23,Royal Challengers Bengaluru,Mumbai Indians,M Chinnaswamy Stadium,Faf du Plessis,25.2,21.05,2.92,24.22,42.31,1
sample_20210123_0125,2021-01-23,Royal Challengers Bengaluru,Mumbai Indians,M Chinnaswamy Stadium,Glenn Maxwell,11.74,9.45,1.69,30.76,33.61,1
sample_20210123_0125,2021-01-23,Royal Challengers Bengaluru,Mumbai Indians,M Chinnaswamy Stadium,Rajat Patidar,14.97,9.07,3.55,22.04,21.27,1
sample_20210123_0125,2021-01-23,Royal Challengers Bengaluru,Mumbai Indians,M Chinnaswamy Stadium,Cameron Green,44.41,32.91,0.3,28.18,48.77,1
sample_20210123_0125,2021-01-23,Royal Challengers Bengaluru,Mumbai Indians,M Chinnaswamy Stadium,Dinesh Karthik,70.06,47.05,0.0,0.0,0.0,1
sample_20210123_0125,2021-01-23,Mumbai Indians,Royal Challengers Bengaluru,M Chinnaswamy Stadium,Rohit Sharma,43.36,28.59,0.74,22.01,46.03,0
sample_20210123_0125,2021-01-23,Mumbai Indians,Royal Challengers Bengaluru,M Chinnaswamy Stadium,Ishan Kishan,53.58,47.35,1.31,16.72,34.09,0
sample_20210123_0125,2021-01-23,Mumbai Indians,Royal Challengers Bengaluru,M Chinnaswamy Stadium,Suryakumar Yadav,9.09,5.54,1.24,21.14,31.84,0
sample_20210123_0125,2021-01-23,Mumbai Indians,Royal Challengers Bengaluru,M Chinnaswamy Stadium,Hardik Pandya,44.77,25.3,1.43,20.8,20.55,0
sample_20210123_0125,2021-01-23,Mumbai Indians,Royal Challengers Bengaluru,M Chinnaswamy Stadium,Tilak Varma,17.49,11.83,1.24,24.55,26.6,0
sample_20210123_0125,2021-01-23,Mumbai Indians,Royal Challengers Bengaluru,M Chinnaswamy Stadium,Tim David,8.58,6.4,0.0,0.0,0.0,0
sample_20210124_0126,2021-01-24,Royal Challengers Bengaluru,Sunrisers Hyderabad,MA Chidambaram Stadium,Virat Kohli,65.18,61.17,0.69,23.12,36.29,0
sample_20210124_0126,2021-01-24,Royal Challengers Bengaluru,Sunrisers Hyderabad,MA Chidambaram Stadium,Faf du Plessis,11.74,6.9,0.28,32.94,33.23,0
sample_20210124_0126,2021-01-24,Royal Challengers Bengaluru,Sunrisers Hyderabad,MA Chidambaram Stadium,Glenn Maxwell,5.9,3.3,1.6,24.05,23.53,0
sample_20210124_0126,2021-01-24,Royal Challengers Bengaluru,Sunrisers Hyderabad,MA Chidambaram Stadium,Rajat Patidar,45.67,25.93,5.6,11.17,52.88,0
sample_20210124_0126,2021-01-24,Royal Challengers Bengaluru,Sunrisers Hyderabad,MA Chidambaram Stadium,Cameron Green,9.77,7.13,1.03,10.86,20.56,0
sample_20210124_0126,2021-01-24,Royal Challengers Bengaluru,Sunrisers Hyderabad,MA Chidambaram Stadium,Dinesh Karthik,54.55,32.95,0.0,0.0,0.0,0
sample_20210124_0126,2021-01-24,Sunrisers Hyderabad,Royal Challengers Bengaluru,MA Chidambaram Stadium,Pat Cummins,46.06,47.64,1.46,25.64,43.55,1
sample_20210124_0126,2021-01-24,Sunrisers Hyderabad,Royal Challengers Bengaluru,MA Chidambaram Stadium,Travis Head,81.45,49.78,0.1,23.99,34.77,1
sample_20210124_0126,2021-01-24,Sunrisers Hyderabad,Royal Challengers Bengaluru,MA Chidambaram Stadium,Abhishek Sharma,16.03,16.98,0.1,15.02,22.41,1
sample_20210124_0126,2021-01-24,Sunrisers Hyderabad,Royal Challengers Bengaluru,MA Chidambaram Stadium,Aiden Markram,16.64,18.37,1.92,17.09,42.2,1
sample_20210124_0126,2021-01-24,Sunrisers Hyderabad,Royal Challengers Bengaluru,MA Chidambaram Stadium,Heinrich Klaasen,18.15,17.73,0.8,26.63,40.78,1
sample_20210124_0126,2021-01-24,Sunrisers Hyderabad,Royal Challengers Bengaluru,MA Chidambaram Stadium,Nitish Kumar Reddy,2.1,1.43,0.0,0.0,0.0,1
sample_20210125_0127,2021-01-25,Chennai Super Kings,Royal Challengers Bengaluru,Wankhede Stadium,Ruturaj Gaikwad,78.16,63.24,3.66,22.86,36.49,1
sample_20210125_0127,2021-01-25,Chennai Super Kings,Royal Challengers Bengaluru,Wankhede Stadium,Devon Conway,62.0,42.58,0.59,19.5,37.37,1
sample_20210125_0127,2021-01-25,Chennai Super Kings,Royal Challengers Bengaluru,Wankhede Stadium,Ajinkya Rahane,5.64,3.76,0.92,20.87,58.84,1
sample_20210125_0127,2021-01-25,Chennai Super Kings,Royal Challengers Bengaluru,Wankhede Stadium,Shivam Dube,64.21,44.13,4.78,34.55,35.51,1
sample_20210125_0127,2021-01-25,Chennai Super Kings,Royal Challengers Bengaluru,Wankhede Stadium,Ravindra Jadeja,0.12,1.0,0.0,22.97,25.11,1
sample_20210125_0127,2021-01-25,Chennai Super Kings,Royal Challengers Bengaluru,Wankhede Stadium,MS Dhoni,3.2,2.39,0.0,0.0,0.0,1
sample_20210125_0127,2021-01-25,Royal Challengers Bengaluru,Chennai Super Kings,Wankhede Stadium,Virat Kohli,27.14,29.96,2.48,17.06,18.9,0
sample_20210125_0127,2021-01-25,Royal Challengers Bengaluru,Chennai Super Kings,Wankhede Stadium,Faf du Plessis,18.63,13.34,0.98,14.97,40.66,0
sample_20210125_0127,2021-01-25,Royal Challengers Bengaluru,Chennai Super Kings,Wankhede Stadium,Glenn Maxwell,58.25,63.97,0.0,20.55,43.42,0
sample_20210125_0127,2021-01-25,Royal Challengers Bengaluru,Chennai Super Kings,Wankhede Stadium,Rajat Patidar,30.54,22.19,0.52,23.08,11.13,0
sample_20210125_0127,2021-01-25,Royal Challengers Bengaluru,Chennai Super Kings,Wankhede Stadium,Cameron Green,6.79,5.92,0.82,31.4,40.03,0
sample_20210125_0127,2021-01-25,Royal Challengers Bengaluru,Chennai Super Kings,Wankhede Stadium,Dinesh Karthik,25.54,14.35,0.0,0.0,0.0,0
sample_20210126_0128,2021-01-26,Mumbai Indians,Lucknow Super Giants,Arun Jaitley Stadium,Rohit Sharma,16.4,16.46,0.83,32.78,18.23,0
sample_20210126_0128,2021-01-26,Mumbai Indians,Lucknow Super Giants,Arun Jaitley Stadium,Ishan Kishan,63.92,64.78,0.07,17.8,39.62,0
sample_20210126_0128,2021-01-26,Mumbai Indians,Lucknow Super Giants,Arun Jaitley Stadium,Suryakumar Yadav,23.57,22.8,0.92,19.21,32.0,0
sample_20210126_0128,2021-01-26,Mumbai Indians,Lucknow Super Giants,Arun Jaitley Stadium,Hardik Pandya,12.47,11.62,1.95,33.44,41.93,0
sample_20210126_0128,2021-01-26,Mumbai Indians,Lucknow Super Giants,Arun Jaitley Stadium,Tilak Varma,44.92,32.69,0.12,20.71,54.58,0
sample_20210126_0128,2021-01-26,Mumbai Indians,Lucknow Super Giants,Arun Jaitley Stadium,Tim David,23.06,14.11,0.0,0.0,0.0,0
sample_20210126_0128,2021-01-26,Lucknow Super Giants,Mumbai Indians,Arun Jaitley Stadium,KL Rahul,75.16,65.89,4.01,33.75,42.9,1
sample_20210126_0128,2021-01-26,Lucknow Super Giants,Mumbai Indians,Arun Jaitley Stadium,Quinton de Kock,22.65,18.01,0.22,21.0,22.26,1
sample_20210126_0128,2021-01-26,Lucknow Super Giants,Mumbai Indians,Arun Jaitley Stadium,Nicholas Pooran,70.74,57.24,1.35,16.33,46.14,1
sample_20210126_0128,2021-01-26,Lucknow Super Giants,Mumbai Indians,Arun Jaitley Stadium,Marcus Stoinis,32.6,25.76,0.96,27.42,46.38,1
sample_20210126_0128,2021-01-26,Lucknow Super Giants,Mumbai Indians,Arun Jaitley Stadium,Deepak Hooda,2.13,1.51,0.2,27.39,47.13,1
sample_20210126_0128,2021-01-26,Lucknow Super Giants,Mumbai Indians,Arun Jaitley Stadium,Krunal Pandya,10.1,5.64,0.0,0.0,0.0,1
sample_20210127_0129,2021-01-27,Kolkata Knight Riders,Rajasthan Royals,Arun Jaitley Stadium,Shreyas Iyer,0.19,1.0,1.1,23.57,40.02,1
sample_20210127_0129,2021-01-27,Kolkata Knight Riders,Rajasthan Royals,Arun Jaitley Stadium,Sunil Narine,47.87,38.56,0.0,34.51,6.52,1
sample_20210127_0129,2021-01-27,Kolkata Knight Riders,Rajasthan Royals,Arun Jaitley Stadium,Andre Russell,63.01,45.09,2.13,30.91,41.78,1
sample_20210127_0129,2021-01-27,Kolkata Knight Riders,Rajasthan Royals,Arun Jaitley Stadium,Rinku Singh,11.39,11.99,0.12,29.18,33.89,1
sample_20210127_0129,2021-01-27,Kolkata Knight Riders,Rajasthan Royals,Arun Jaitley Stadium,Venkatesh Iyer,17.4,19.15,0.0,30.23,27.0,1
sample_20210127_0129,2021-01-27,Kolkata Knight Riders,Rajasthan Royals,Arun Jaitley Stadium,Phil Salt,0.0,1.0,0.0,0.0,0.0,1
sample_20210127_0129,2021-01-27,Rajasthan Royals,Kolkata Knight Riders,Arun Jaitley Stadium,Sanju Samson,0.0,1.0,0.72,33.87,28.79,0
sample_20210127_0129,2021-01-27,Rajasthan Royals,Kolkata Knight Riders,Arun Jaitley Stadium,Yashasvi Jaiswal,4.53,3.51,0.0,20.42,32.81,0
sample_20210127_0129,2021-01-27,Rajasthan Royals,Kolkata Knight Riders,Arun Jaitley Stadium,Jos Buttler,42.01,26.16,0.0,25.24,31.87,0
sample_20210127_0129,2021-01-27,Rajasthan Royals,Kolkata Knight Riders,Arun Jaitley Stadium,Riyan Parag,16.12,11.44,1.86,10.55,18.23,0
sample_20210127_0129,2021-01-27,Rajasthan Royals,Kolkata Knight Riders,Arun Jaitley Stadium,Shimron Hetmyer,76.47,45.73,4.33,7.7,23.72,0
sample_20210127_0129,2021-01-27,Rajasthan Royals,Kolkata Knight Riders,Arun Jaitley Stadium,Ravichandran Ashwin,8.74,8.86,0.0,0.0,0.0,0
sample_20210128_0130,2021-01-28,Lucknow Super Giants,Mumbai Indians,MA Chidambaram Stadium,KL Rahul,20.3,17.74,0.93,27.93,44.42,0
sample_20210128_0130,2021-01-28,Lucknow Super Giants,Mumbai Indians,MA Chidambaram Stadium,Quinton de Kock,7.01,4.05,0.09,24.43,23.32,0
sample_20210128_0130,2021-01-28,Lucknow Super Giants,Mumbai Indians,MA Chidambaram Stadium,Nicholas Pooran,2.66,1.75,0.88,25.11,50.92,0
sample_20210128_0130,2021-01-28,Lucknow Super Giants,Mumbai Indians,MA Chidambaram Stadium,Marcus Stoinis,2.0,1.73,0.79,17.57,34.85,0
sample_20210128_0130,2021-01-28,Lucknow Super Giants,Mumbai Indians,MA Chidambaram Stadium,Deepak Hooda,13.73,9.89,0.68,28.13,30.1,0
sample_20210128_0130,2021-01-28,Lucknow Super Giants,Mumbai Indians,MA Chidambaram Stadium,Krunal Pandya,103.59,69.42,0.0,0.0,0.0,0
sample_20210128_0130,2021-01-28,Mumbai Indians,Lucknow Super Giants,MA Chidambaram Stadium,Rohit Sharma,48.12,45.34,1.38,22.88,43.54,1
sample_20210128_0130,2021-01-28,Mumbai Indians,Lucknow Super Giants,MA Chidambaram Stadium,Ishan Kishan,27.45,16.48,0.9,19.59,22.03,1
sample_20210128_0130,2021-01-28,Mumbai Indians,Lucknow Super Giants,MA Chidambaram Stadium,Suryakumar Yadav,0.26,1.0,1.38,26.81,39.52,1
sample_20210128_0130,2021-01-28,Mumbai Indians,Lucknow Super Giants,MA Chidambaram Stadium,Hardik Pandya,49.88,45.91,5.27,19.59,33.81,1
sample_20210128_0130,2021-01-28,Mumbai Indians,Lucknow Super Giants,MA Chidambaram Stadium,Tilak Varma,58.15,56.47,0.81,31.67,39.28,1
sample_20210128_0130,2021-01-28,Mumbai Indians,Lucknow Super Giants,MA Chidambaram Stadium,Tim David,6.44,3.93,0.0,0.0,0.0,1
sample_20210129_0131,2021-01-29,Delhi Capitals,Chennai Super Kings,M Chinnaswamy Stadium,Rishabh Pant,45.71,32.42,0.0,35.24,36.26,0
sample_20210129_0131,2021-01-29,Delhi Capitals,Chennai Super Kings,M Chinnaswamy Stadium,David Warner,15.79,9.49,0.76,20.46,23.16,0
sample_20210129_0131,2021-01-29,Delhi Capitals,Chennai Super Kings,M Chinnaswamy Stadium,Prithvi Shaw,77.42,51.29,0.41,25.1,50.96,0
sample_20210129_0131,2021-01-29,Delhi Capitals,Chennai Super Kings,M Chinnaswamy Stadium,Jake Fraser-McGurk,0.0,1.0,1.0,15.8,37.56,0
sample_20210129_0131,2021-01-29,Delhi Capitals,Chennai Super Kings,M Chinnaswamy Stadium,Tristan Stubbs,35.55,28.55,0.0,23.71,54.75,0
sample_20210129_0131,2021-01-29,Delhi Capitals,Chennai Super Kings,M Chinnaswamy Stadium,Axar Patel,26.5,16.93,0.0,0.0,0.0,0
sample_20210129_0131,2021-01-29,Chennai Super Kings,Delhi Capitals,M Chinnaswamy Stadium,Ruturaj Gaikwad,93.77,58.19,2.19,18.76,30.99,1
sample_20210129_0131,2021-01-29,Chennai Super Kings,Delhi Capitals,M Chinnaswamy Stadium,Devon Conway,0.0,1.0,0.76,19.07,48.18,1
sample_20210129_0131,2021-01-29,Chennai Super Kings,Delhi Capitals,M Chinnaswamy Stadium,Ajinkya Rahane,9.81,10.11,0.64,26.82,33.9,1
sample_20210129_0131,2021-01-29,Chennai Super Kings,Delhi Capitals,M Chinnaswamy Stadium,Shivam Dube,23.28,14.82,1.77,23.8,50.15,1
sample_20210129_0131,2021-01-29,Chennai Super Kings,Delhi Capitals,M Chinnaswamy Stadium,Ravindra Jadeja,5.97,4.93,2.56,19.12,39.62,1
sample_20210129_0131,2021-01-29,Chennai Super Kings,Delhi Capitals,M Chinnaswamy Stadium,MS Dhoni,78.48,79.44,0.0,0.0,0.0,1
sample_20210130_0132,2021-01-30,Kolkata Knight Riders,Chennai Super Kings,M Chinnaswamy Stadium,Shreyas Iyer,41.35,44.62,0.1,17.5,37.63,1
sample_20210130_0132,2021-01-30,Kolkata Knight Riders,Chennai Super Kings,M Chinnaswamy Stadium,Sunil Narine,26.7,23.3,0.23,24.67,50.19,1
sample_20210130_0132,2021-01-30,Kolkata Knight Riders,Chennai Super Kings,M Chinnaswamy Stadium,Andre Russell,19.19,10.7,1.19,19.6,44.49,1
sample_20210130_0132,2021-01-30,Kolkata Knight Riders,Chennai Super Kings,M Chinnaswamy Stadium,Rinku Singh,34.92,26.03,1.44,33.97,38.09,1
sample_20210130_0132,2021-01-30,Kolkata Knight Riders,Chennai Super Kings,M Chinnaswamy Stadium,Venkatesh Iyer,7.26,5.95,1.23,30.8,42.63,1
sample_20210130_0132,2021-01-30,Kolkata Knight Riders,Chennai Super Kings,M Chinnaswamy Stadium,Phil Salt,34.53,19.76,0.0,0.0,0.0,1
sample_20210130_0132,2021-01-30,Chennai Super Kings,Kolkata Knight Riders,M Chinnaswamy Stadium,Ruturaj Gaikwad,15.75,12.22,0.8,19.36,23.7,0
sample_20210130_0132,2021-01-30,Chennai Super Kings,Kolkata Knight Riders,M Chinnaswamy Stadium,Devon Conway,59.39,39.29,1.9,22.39,41.36,0
sample_20210130_0132,2021-01-30,Chennai Super Kings,Kolkata Knight Riders,M Chinnaswamy Stadium,Ajinkya Rahane,33.3,22.28,0.0,16.19,32.7,0
sample_20210130_0132,2021-01-30,Chennai Super Kings,Kolkata Knight Riders,M Chinnaswamy Stadium,Shivam Dube,19.42,19.88,1.73,15.65,49.0,0
sample_20210130_0132,2021-01-30,Chennai Super Kings,Kolkata Knight Riders,M Chinnaswamy Stadium,Ravindra Jadeja,10.07,6.91,1.22,25.54,23.0,0
sample_20210130_0132,2021-01-30,Chennai Super Kings,Kolkata Knight Riders,M Chinnaswamy Stadium,MS Dhoni,29.33,18.12,0.0,0.0,0.0,0
sample_20210131_0133,2021-01-31,Chennai Super Kings,Gujarat Titans,M Chinnaswamy Stadium,Ruturaj Gaikwad,5.98,3.88,3.04,23.8,32.48,0
sample_20210131_0133,2021-01-31,Chennai Super Kings,Gujarat Titans,M Chinnaswamy Stadium,Devon Conway,80.3,54.61,0.57,19.38,18.25,0
sample_20210131_0133,2021-01-31,Chennai Super Kings,Gujarat Titans,M Chinnaswamy Stadium,Ajinkya Rahane,0.71,1.0,0.4,21.48,34.72,0
sample_20210131_0133,2021-01-31,Chennai Super Kings,Gujarat Titans,M Chinnaswamy Stadium,Shivam Dube,14.28,12.05,0.92,10.74,35.09,0
sample_20210131_0133,2021-01-31,Chennai Super Kings,Gujarat Titans,M Chinnaswamy Stadium,Ravindra Jadeja,6.39,6.42,1.37,28.3,28.75,0
sample_20210131_0133,2021-01-31,Chennai Super Kings,Gujarat Titans,M Chinnaswamy Stadium,MS Dhoni,36.58,40.43,0.0,0.0,0.0,0
sample_20210131_0133,2021-01-31,Gujarat Titans,Chennai Super Kings,M Chinnaswamy Stadium,Shubman Gill,28.13,23.89,0.99,28.04,24.55,1
sample_20210131_0133,2021-01-31,Gujarat Titans,Chennai Super Kings,M Chinnaswamy Stadium,Wriddhiman Saha,2.14,1.75,0.41,28.85,17.68,1
sample_20210131_0133,2021-01-31,Gujarat Titans,Chennai Super Kings,M Chinnaswamy Stadium,Sai Sudharsan,17.21,15.06,6.48,24.25,47.96,1
sample_20210131_0133,2021-01-31,Gujarat Titans,Chennai Super Kings,M Chinnaswamy Stadium,David Miller,30.76,30.18,1.34,14.77,13.51,1
sample_20210131_0133,2021-01-31,Gujarat Titans,Chennai Super Kings,M Chinnaswamy Stadium,Rahul Tewatia,73.84,69.1,0.49,23.77,33.06,1
sample_20210131_0133,2021-01-31,Gujarat Titans,Chennai Super Kings,M Chinnaswamy Stadium,Rashid Khan,0.06,1.0,0.0,0.0,0.0,1
sample_20210201_0134,2021-02-01,Lucknow Super Giants,Gujarat Titans,Eden Gardens,KL Rahul,100.83,102.82,0.4,13.9,20.65,0
sample_20210201_0134,2021-02-01,Lucknow Super Giants,Gujarat Titans,Eden Gardens,Quinton de Kock,17.72,12.67,3.11,23.98,47.49,0
sample_20210201_0134,2021-02-01,Lucknow Super Giants,Gujarat Titans,Eden Gardens,Nicholas Pooran,10.6,7.37,0.37,23.32,27.57,0
sample_20210201_0134,2021-02-01,Lucknow Super Giants,Gujarat Titans,Eden Gardens,Marcus Stoinis,6.59,4.1,0.74,20.23,37.42,0
sample_20210201_0134,2021-02-01,Lucknow Super Giants,Gujarat Titans,Eden Gardens,Deepak Hooda,2.98,1.78,1.64,21.52,23.95,0
sample_20210201_0134,2021-02-01,Lucknow Super Giants,Gujarat Titans,Eden Gardens,Krunal Pandya,36.7,40.28,0.0,0.0,0.0,0
sample_20210201_0134,2021-02-01,Gujarat Titans,Lucknow Super Giants,Eden Gardens,Shubman Gill,0.0,1.0,1.15,37.02,56.57,1
sample_20210201_0134,2021-02-01,Gujarat Titans,Lucknow Super Giants,Eden Gardens,Wriddhiman Saha,29.04,18.14,2.24,12.83,41.37,1
sample_20210201_0134,2021-02-01,Gujarat Titans,Lucknow Super Giants,Eden Gardens,Sai Sudharsan,6.88,4.43,0.43,24.93,35.09,1
sample_20210201_0134,2021-02-01,Gujarat Titans,Lucknow Super Giants,Eden Gardens,David Miller,73.4,52.29,1.15,24.45,31.01,1
sample_20210201_0134,2021-02-01,Gujarat Titans,Lucknow Super Giants,Eden Gardens,Rahul Tewatia,8.49,4.73,0.24,17.3,41.44,1
sample_20210201_0134,2021-02-01,Gujarat Titans,Lucknow Super Giants,Eden Gardens,Rashid Khan,78.37,70.07,0.0,0.0,0.0,1
sample_20210202_0135,2021-02-02,Lucknow Super Giants,Royal Challengers Bengaluru,Arun Jaitley Stadium,KL Rahul,28.92,28.21,0.89,20.59,56.79,0
sample_20210202_0135,2021-02-02,Lucknow Super Giants,Royal Challengers Bengaluru,Arun Jaitley Stadium,Quinton de Kock,46.12,39.38,1.5,14.4,34.79,0
sample_20210202_0135,2021-02-02,Lucknow Super Giants,Royal Challengers Bengaluru,Arun Jaitley Stadium,Nicholas Pooran,7.47,5.56,0.37,31.67,34.62,0
sample_20210202_0135,2021-02-02,Lucknow Super Giants,Royal Challengers Bengaluru,Arun Jaitley Stadium,Marcus Stoinis,2.03,2.12,2.2,25.09,35.97,0
sample_20210202_0135,2021-02-02,Lucknow Super Giants,Royal Challengers Bengaluru,Arun Jaitley Stadium,Deepak Hooda,7.41,5.74,0.0,22.95,47.01,0
sample_20210202_0135,2021-02-02,Lucknow Super Giants,Royal Challengers Bengaluru,Arun Jaitley Stadium,Krunal Pandya,46.55,36.4,0.0,0.0,0.0,0
sample_20210202_0135,2021-02-02,Royal Challengers Bengaluru,Lucknow Super Giants,Arun Jaitley Stadium,Virat Kohli,12.74,9.54,0.0,29.75,21.37,1
sample_20210202_0135,2021-02-02,Royal Challengers Bengaluru,Lucknow Super Giants,Arun Jaitley Stadium,Faf du Plessis,46.44,47.92,1.49,18.23,22.76,1
sample_20210202_0135,2021-02-02,Royal Challengers Bengaluru,Lucknow Super Giants,Arun Jaitley Stadium,Glenn Maxwell,34.65,30.76,2.06,29.3,24.65,1
sample_20210202_0135,2021-02-02,Royal Challengers Bengaluru,Lucknow Super Giants,Arun Jaitley Stadium,Rajat Patidar,35.51,31.65,1.46,13.16,27.71,1
sample_20210202_0135,2021-02-02,Royal Challengers Bengaluru,Lucknow Super Giants,Arun Jaitley Stadium,Cameron Green,0.0,1.0,1.14,14.82,19.62,1
sample_20210202_0135,2021-02-02,Royal Challengers Bengaluru,Lucknow Super Giants,Arun Jaitley Stadium,Dinesh Karthik,30.99,21.61,0.0,0.0,0.0,1
sample_20210203_0136,2021-02-03,Kolkata Knight Riders,Punjab Kings,Wankhede Stadium,Shreyas Iyer,0.0,1.0,0.44,17.04,12.22,0
sample_20210203_0136,2021-02-03,Kolkata Knight Riders,Punjab Kings,Wankhede Stadium,Sunil Narine,18.72,14.9,4.44,21.51,15.41,0
sample_20210203_0136,2021-02-03,Kolkata Knight Riders,Punjab Kings,Wankhede Stadium,Andre Russell,40.85,24.65,0.13,18.64,21.27,0
sample_20210203_0136,2021-02-03,Kolkata Knight Riders,Punjab Kings,Wankhede Stadium,Rinku Singh,43.13,34.73,2.33,23.4,10.87,0
sample_20210203_0136,2021-02-03,Kolkata Knight Riders,Punjab Kings,Wankhede Stadium,Venkatesh Iyer,0.0,1.0,1.8,31.84,30.51,0
sample_20210203_0136,2021-02-03,Kolkata Knight Riders,Punjab Kings,Wankhede Stadium,Phil Salt,19.72,15.21,0.0,0.0,0.0,0
sample_20210203_0136,2021-02-03,Punjab Kings,Kolkata Knight Riders,Wankhede Stadium,Shikhar Dhawan,2.89,2.24,1.82,26.43,31.42,1
sample_20210203_0136,2021-02-03,Punjab Kings,Kolkata Knight Riders,Wankhede Stadium,Jonny Bairstow,37.18,22.65,1.22,15.4,47.18,1
sample_20210203_0136,2021-02-03,Punjab Kings,Kolkata Knight Riders,Wankhede Stadium,Liam Livingstone,38.95,26.21,1.22,19.49,12.29,1
sample_20210203_0136,2021-02-03,Punjab Kings,Kolkata Knight Riders,Wankhede Stadium,Sam Curran,31.0,21.6,0.89,25.01,40.14,1
sample_20210203_0136,2021-02-03,Punjab Kings,Kolkata Knight Riders,Wankhede Stadium,Jitesh Sharma,25.94,22.17,1.05,16.18,24.92,1
sample_20210203_0136,2021-02-03,Punjab Kings,Kolkata Knight Riders,Wankhede Stadium,Shashank Singh,16.63,11.52,0.0,0.0,0.0,1
sample_20210204_0137,2021-02-04,Kolkata Knight Riders,Punjab Kings,M Chinnaswamy Stadium,Shreyas Iyer,24.44,13.79,1.66,35.11,45.11,0
sample_20210204_0137,2021-02-04,Kolkata Knight Riders,Punjab Kings,M Chinnaswamy Stadium,Sunil Narine,11.16,9.6,0.0,19.47,22.19,0
sample_20210204_0137,2021-02-04,Kolkata Knight Riders,Punjab Kings,M Chinnaswamy Stadium,Andre Russell,30.54,20.02,2.27,29.6,31.55,0
sample_20210204_0137,2021-02-04,Kolkata Knight Riders,Punjab Kings,M Chinnaswamy Stadium,Rinku Singh,69.42,51.73,0.84,30.64,37.52,0
sample_20210204_0137,2021-02-04,Kolkata Knight Riders,Punjab Kings,M Chinnaswamy Stadium,Venkatesh Iyer,3.5,2.47,0.63,22.24,29.84,0
sample_20210204_0137,2021-02-04,Kolkata Knight Riders,Punjab Kings,M Chinnaswamy Stadium,Phil Salt,22.51,20.13,0.0,0.0,0.0,0
sample_20210204_0137,2021-02-04,Punjab Kings,Kolkata Knight Riders,M Chinnaswamy Stadium,Shikhar Dhawan,9.32,7.53,2.18,15.84,37.33,1
sample_20210204_0137,2021-02-04,Punjab Kings,Kolkata Knight Riders,M Chinnaswamy Stadium,Jonny Bairstow,0.0,1.0,0.88,11.89,33.25,1
sample_20210204_0137,2021-02-04,Punjab Kings,Kolkata Knight Riders,M Chinnaswamy Stadium,Liam Livingstone,29.31,23.38,1.15,27.86,58.52,1
sample_20210204_0137,2021-02-04,Punjab Kings,Kolkata Knight Riders,M Chinnaswamy Stadium,Sam Curran,13.09,13.06,2.01,20.23,35.01,1
sample_20210204_0137,2021-02-04,Punjab Kings,Kolkata Knight Riders,M Chinnaswamy Stadium,Jitesh Sharma,24.29,17.26,0.1,29.91,45.26,1
sample_20210204_0137,2021-02-04,Punjab Kings,Kolkata Knight Riders,M Chinnaswamy Stadium,Shashank Singh,91.13,63.59,0.0,0.0,0.0,1
sample_20210205_0138,2021-02-05,Lucknow Super Giants,Royal Challengers Bengaluru,Arun Jaitley Stadium,KL Rahul,41.18,23.55,0.34,11.45,20.89,1
sample_20210205_0138,2021-02-05,Lucknow Super Giants,Royal Challengers Bengaluru,Arun Jaitley Stadium,Quinton de Kock,45.02,41.35,2.77,29.54,13.33,1
sample_20210205_0138,2021-02-05,Lucknow Super Giants,Royal Challengers Bengaluru,Arun Jaitley Stadium,Nicholas Pooran,8.55,5.29,2.89,29.74,39.73,1
sample_20210205_0138,2021-02-05,Lucknow Super Giants,Royal Challengers Bengaluru,Arun Jaitley Stadium,Marcus Stoinis,8.96,5.44,0.95,21.79,46.35,1
sample_20210205_0138,2021-02-05,Lucknow Super Giants,Royal Challengers Bengaluru,Arun Jaitley Stadium,Deepak Hooda,11.94,12.41,0.0,28.52,17.95,1
sample_20210205_0138,2021-02-05,Lucknow Super Giants,Royal Challengers Bengaluru,Arun Jaitley Stadium,Krunal Pandya,46.58,28.01,0.0,0.0,0.0,1
sample_20210205_0138,2021-02-05,Royal Challengers Bengaluru,Lucknow Super Giants,Arun Jaitley Stadium,Virat Kohli,55.66,34.45,1.39,21.17,12.93,0
sample_20210205_0138,2021-02-05,Royal Challengers Bengaluru,Lucknow Super Giants,Arun Jaitley Stadium,Faf du Plessis,39.68,26.35,0.39,29.02,31.08,0
sample_20210205_0138,2021-02-05,Royal Challengers Bengaluru,Lucknow Super Giants,Arun Jaitley Stadium,Glenn Maxwell,13.76,13.42,0.24,30.68,39.84,0
sample_20210205_0138,2021-02-05,Royal Challengers Bengaluru,Lucknow Super Giants,Arun Jaitley Stadium,Rajat Patidar,32.74,27.93,1.18,16.04,36.64,0
sample_20210205_0138,2021-02-05,Royal Challengers Bengaluru,Lucknow Super Giants,Arun Jaitley Stadium,Cameron Green,3.65,3.24,7.51,31.69,49.45,0
sample_20210205_0138,2021-02-05,Royal Challengers Bengaluru,Lucknow Super Giants,Arun Jaitley Stadium,Dinesh Karthik,26.41,25.43,0.0,0.0,0.0,0
sample_20210206_0139,2021-02-06,Delhi Capitals,Gujarat Titans,Wankhede Stadium,Rishabh Pant,11.86,8.33,0.44,23.98,26.18,1
sample_20210206_0139,2021-02-06,Delhi Capitals,Gujarat Titans,Wankhede Stadium,David Warner,0.0,1.0,0.0,27.17,34.11,1
sample_20210206_0139,2021-02-06,Delhi Capitals,Gujarat Titans,Wankhede Stadium,Prithvi Shaw,14.02,8.1,5.42,27.03,41.8,1
sample_20210206_0139,2021-02-06,Delhi Capitals,Gujarat Titans,Wankhede Stadium,Jake Fraser-McGurk,81.13,48.21,0.29,29.73,20.25,1
sample_20210206_0139,2021-02-06,Delhi Capitals,Gujarat Titans,Wankhede Stadium,Tristan Stubbs,40.9,32.04,0.8,33.72,41.38,1
sample_20210206_0139,2021-02-06,Delhi Capitals,Gujarat Titans,Wankhede Stadium,Axar Patel,20.22,21.67,0.0,0.0,0.0,1
sample_20210206_0139,2021-02-06,Gujarat Titans,Delhi Capitals,Wankhede Stadium,Shubman Gill,36.15,20.4,1.16,29.72,38.33,0
sample_20210206_0139,2021-02-06,Gujarat Titans,Delhi Capitals,Wankhede Stadium,Wriddhiman Saha,26.1,17.04,0.0,13.8,31.76,0
sample_20210206_0139,2021-02-06,Gujarat Titans,Delhi Capitals,Wankhede Stadium,Sai Sudharsan,34.3,21.03,1.21,20.67,36.05,0
sample_20210206_0139,2021-02-06,Gujarat Titans,Delhi Capitals,Wankhede Stadium,David Miller,7.39,5.15,0.55,32.22,30.13,0
sample_20210206_0139,2021-02-06,Gujarat Titans,Delhi Capitals,Wankhede Stadium,Rahul Tewatia,65.45,37.99,3.81,30.87,24.25,0
sample_20210206_0139,2021-02-06,Gujarat Titans,Delhi Capitals,Wankhede Stadium,Rashid Khan,2.4,2.41,0.0,0.0,0.0,0
